# total_frames:1 beg:0 end:0 stride:1 interaction_types:hp,sb,pc,ps,ts,vdw,hb
# Columns: frame, interaction_type, atom_1, atom_2[, atom_3[, atom_4]]
0	sb	A:ASP:670:OD1	A:LYS:631:NZ
0	sb	A:ARG:589:NH2	A:GLU:552:OE1
0	sb	A:ARG:708:NH1	A:ASP:542:OD1
0	sb	A:ARG:708:NH2	A:ASP:542:OD1
0	sb	A:ARG:708:NH2	A:ASP:542:OD2
0	sb	A:ARG:614:NH1	A:ASP:654:OD1
0	sb	A:ARG:708:NH2	A:ASP:548:OD2
0	sb	A:ARG:614:NH1	A:ASP:654:OD2
0	sb	A:ARG:710:NH2	A:GLU:627:OE1
0	sb	A:ARG:693:NH2	A:GLU:691:OE1
0	sb	A:ARG:710:NH1	A:ASP:542:OD1
0	sb	A:ARG:589:NH2	A:GLU:552:OE2
0	sb	A:ARG:710:NH1	A:ASP:542:OD2
0	sb	A:ASP:595:OD1	A:HIS:597:ND1
0	sb	A:ASP:595:OD2	A:HIS:597:ND1
0	sb	A:ARG:614:NH2	A:ASP:654:OD2
0	sb	A:ARG:693:NH2	A:GLU:691:OE2
0	sb	A:ARG:710:NH2	A:ASP:542:OD1
0	sb	A:ARG:708:NH1	A:ASP:542:OD2
0	sb	A:ARG:618:NH2	A:ASP:652:OD1
0	pc	A:ARG:562:NH2	A:PHE:651:CE1
0	pc	A:HIS:700:ND1	A:TYR:703:CE1
0	pc	A:HIS:700:NE2	A:TYR:703:CE1
0	pc	A:ARG:693:NH2	A:PHE:649:CE1
0	pc	A:ARG:618:NH1	A:TYR:687:CE1
0	pc	A:ARG:693:NH1	A:PHE:649:CE1
0	pc	A:ARG:543:NH2	A:TYR:539:CE1
0	pc	A:LYS:644:NZ	A:TRP:698:CD2
0	ps	A:HIS:584:CD2	A:TYR:583:CE1
0	ts	A:HIS:628:CD2	A:TYR:707:CE1
0	vdw	A:HIS:584:CD2	A:TRP:582:C
0	vdw	A:HIS:584:CD2	A:TRP:582:O
0	vdw	A:HIS:584:NE2	A:TRP:582:O
0	vdw	A:LEU:581:C	A:TYR:583:N
0	vdw	A:PRO:580:O	A:TRP:582:N
0	vdw	A:PRO:580:O	A:TYR:583:N
0	vdw	A:PRO:580:C	A:TRP:582:N
0	vdw	A:PRO:580:C	A:TYR:583:N
0	vdw	A:PRO:580:O	A:TYR:583:CB
0	vdw	A:ILE:579:CG1	A:LEU:574:CD2
0	vdw	A:GLY:578:CA	A:LEU:574:O
0	vdw	A:GLY:578:C	A:LEU:574:O
0	vdw	A:GLY:578:O	A:LEU:574:O
0	vdw	A:GLY:578:O	A:PRO:580:CD
0	vdw	A:GLY:578:O	A:LEU:574:CA
0	vdw	A:GLY:578:O	A:LEU:574:CD2
0	vdw	A:ILE:579:CA	A:LEU:574:CD2
0	vdw	A:ILE:559:C	A:THR:561:N
0	vdw	A:ILE:559:O	A:THR:561:N
0	vdw	A:GLY:578:N	A:LEU:574:C
0	vdw	A:GLY:578:N	A:LEU:574:O
0	vdw	A:LEU:573:C	A:SER:575:N
0	vdw	A:LEU:573:O	A:SER:575:N
0	vdw	A:LEU:574:C	A:LEU:576:N
0	vdw	A:SER:575:N	A:THR:571:O
0	vdw	A:SER:575:CA	A:THR:571:O
0	vdw	A:HOH:991:O	A:SER:575:O
0	vdw	A:HOH:1011:O	A:HOH:991:O
0	vdw	A:PHE:577:N	A:SER:575:C
0	vdw	A:GLU:565:CA	A:HOH:928:O
0	vdw	A:GLU:565:C	A:HOH:928:O
0	vdw	A:GLU:565:CB	A:HOH:928:O
0	vdw	A:HOH:928:O	A:THR:566:N
0	vdw	A:HOH:928:O	A:THR:566:CA
0	vdw	A:HOH:928:O	A:THR:566:CB
0	vdw	A:SER:575:CB	A:THR:571:O
0	vdw	A:SER:575:OG	A:THR:571:C
0	vdw	A:SER:575:OG	A:THR:571:O
0	vdw	A:SER:575:OG	A:THR:571:CG2
0	vdw	A:GLY:555:CA	A:HOH:962:O
0	vdw	A:GLY:555:C	A:HOH:962:O
0	vdw	A:GLY:555:O	A:HOH:962:O
0	vdw	A:GLU:552:O	A:HOH:962:O
0	vdw	A:ALA:556:O	A:HOH:962:O
0	vdw	A:ARG:589:CZ	A:GLN:593:NE2
0	vdw	A:ARG:589:NH2	A:GLN:593:NE2
0	vdw	A:ARG:589:NH2	A:GLU:552:CD
0	vdw	A:ARG:589:NH2	A:GLU:552:OE1
0	vdw	A:HOH:1003:O	A:TRP:582:CZ3
0	vdw	A:PRO:580:CB	A:TRP:582:CD2
0	vdw	A:PRO:580:CB	A:TRP:582:NE1
0	vdw	A:PRO:580:CB	A:TRP:582:CE2
0	vdw	A:PRO:580:CB	A:TRP:582:CZ2
0	vdw	A:PRO:580:CG	A:TRP:582:CZ2
0	vdw	A:ARG:614:CD	A:HOH:940:O
0	vdw	A:HOH:969:O	A:SER:557:CB
0	vdw	A:HOH:940:O	A:SER:557:OG
0	vdw	A:GLU:552:OE2	A:HOH:969:O
0	vdw	A:HOH:969:O	A:VAL:558:N
0	vdw	A:ARG:589:CB	A:GLU:552:OE2
0	vdw	A:ARG:589:NE	A:GLU:552:OE2
0	vdw	A:ARG:589:CG	A:HOH:969:O
0	vdw	A:HOH:969:O	A:VAL:558:CG2
0	vdw	A:LEU:592:CD1	A:VAL:558:N
0	vdw	A:HOH:969:O	A:SER:557:C
0	vdw	A:ARG:589:CZ	A:GLU:552:OE2
0	vdw	A:ARG:589:NH2	A:GLU:552:OE2
0	vdw	A:HOH:969:O	A:SER:557:CA
0	vdw	A:HOH:957:O	A:SER:587:CB
0	vdw	A:ARG:589:N	A:SER:587:OG
0	vdw	A:ARG:589:CB	A:SER:587:OG
0	vdw	A:ARG:589:CG	A:SER:587:OG
0	vdw	A:HOH:957:O	A:SER:587:OG
0	vdw	A:HOH:957:O	A:SER:585:O
0	vdw	A:GLN:586:CA	A:HOH:957:O
0	vdw	A:ARG:589:N	A:SER:587:C
0	vdw	A:HOH:957:O	A:SER:587:N
0	vdw	A:HOH:957:O	A:SER:587:CA
0	vdw	A:GLN:586:C	A:HOH:957:O
0	vdw	A:ARG:589:N	A:SER:587:O
0	vdw	A:ARG:589:NE	A:GLU:552:CD
0	vdw	A:HIS:584:O	A:HOH:919:O
0	vdw	A:HIS:584:O	A:HOH:1003:O
0	vdw	A:GLN:586:N	A:HIS:584:O
0	vdw	A:HOH:919:O	A:TYR:583:CE1
0	vdw	A:HOH:919:O	A:TYR:583:CZ
0	vdw	A:HIS:584:N	A:HOH:1003:O
0	vdw	A:PRO:580:CB	A:TYR:583:CB
0	vdw	A:PRO:580:CG	A:TYR:583:CB
0	vdw	A:PRO:580:CD	A:TYR:583:CB
0	vdw	A:GLU:568:OE1	A:TYR:583:CE2
0	vdw	A:LEU:574:CD1	A:TYR:583:CE2
0	vdw	A:GLU:568:OE1	A:TYR:583:CZ
0	vdw	A:HOH:919:O	A:TYR:583:OH
0	vdw	A:LEU:574:CD2	A:TYR:583:CD2
0	vdw	A:LEU:574:CD2	A:TYR:583:CE2
0	vdw	A:HOH:916:O	A:TYR:583:CE1
0	vdw	A:HOH:916:O	A:TYR:583:CZ
0	vdw	A:HOH:916:O	A:HOH:919:O
0	vdw	A:GLN:586:CG	A:HOH:919:O
0	vdw	A:GLN:586:CD	A:HOH:919:O
0	vdw	A:GLN:586:NE2	A:HOH:919:O
0	vdw	A:LEU:574:CD2	A:PRO:580:CD
0	vdw	A:ARG:614:CZ	A:ASP:654:OD2
0	vdw	A:ARG:614:NH1	A:ASP:654:CG
0	vdw	A:ARG:614:NH1	A:ASP:654:OD2
0	vdw	A:ARG:614:NH2	A:ASP:654:OD2
0	vdw	A:ARG:614:NH1	A:ILE:559:CD1
0	vdw	A:SER:560:N	A:VAL:558:C
0	vdw	A:SER:560:N	A:VAL:558:O
0	vdw	A:CYS:563:SG	A:ILE:559:O
0	vdw	A:CYS:563:SG	A:PRO:588:CB
0	vdw	A:ARG:562:N	A:ILE:559:C
0	vdw	A:ARG:562:N	A:ILE:559:O
0	vdw	A:ARG:562:CA	A:ILE:559:O
0	vdw	A:ARG:562:C	A:ILE:559:O
0	vdw	A:ARG:562:N	A:SER:560:C
0	vdw	A:ARG:562:N	A:SER:560:O
0	vdw	A:CYS:563:N	A:SER:560:O
0	vdw	A:VAL:558:CA	A:VAL:612:O
0	vdw	A:ILE:559:N	A:VAL:612:O
0	vdw	A:ALA:611:CB	A:CYS:563:SG
0	vdw	A:ALA:611:CA	A:CYS:563:SG
0	vdw	A:CYS:563:SG	A:VAL:612:N
0	vdw	A:ARG:589:CG	A:VAL:558:CG2
0	vdw	A:PRO:588:CD	A:THR:566:OG1
0	vdw	A:THR:566:OG1	A:TRP:602:NE1
0	vdw	A:HOH:945:O	A:THR:566:OG1
0	vdw	A:PRO:588:CG	A:TRP:602:NE1
0	vdw	A:HOH:945:O	A:PRO:588:CG
0	vdw	A:PRO:588:CD	A:TRP:602:NE1
0	vdw	A:THR:566:CB	A:TRP:602:NE1
0	vdw	A:HOH:945:O	A:SER:564:O
0	vdw	A:HOH:945:O	A:THR:566:N
0	vdw	A:SER:587:C	A:TRP:602:CD1
0	vdw	A:PRO:588:N	A:TRP:602:CD1
0	vdw	A:PRO:588:CG	A:TRP:602:CE2
0	vdw	A:SER:585:O	A:SER:587:N
0	vdw	A:GLN:586:O	A:THR:566:CG2
0	vdw	A:HOH:959:O	A:THR:566:CG2
0	vdw	A:GLN:586:O	A:HOH:959:O
0	vdw	A:GLU:568:OE1	A:SER:585:CA
0	vdw	A:GLU:568:OE1	A:SER:585:CB
0	vdw	A:GLU:568:CD	A:SER:585:OG
0	vdw	A:GLU:568:OE1	A:SER:585:OG
0	vdw	A:HOH:959:O	A:TYR:567:O
0	vdw	A:GLN:586:CB	A:HOH:959:O
0	vdw	A:ALA:603:N	A:HOH:959:O
0	vdw	A:HOH:937:O	A:HOH:959:O
0	vdw	A:ALA:603:CB	A:HOH:959:O
0	vdw	A:GLN:586:O	A:TRP:602:CD1
0	vdw	A:GLU:568:CG	A:LEU:574:CD1
0	vdw	A:GLU:568:CD	A:LEU:574:CD1
0	vdw	A:GLU:568:CD	A:TYR:583:OH
0	vdw	A:GLU:568:OE1	A:TYR:583:OH
0	vdw	A:GLU:568:OE2	A:LYS:570:N
0	vdw	A:GLU:568:OE2	A:LYS:570:CA
0	vdw	A:GLU:568:OE2	A:LYS:570:CB
0	vdw	A:GLU:568:OE2	A:TYR:583:OH
0	vdw	A:LEU:574:CD1	A:LYS:570:C
0	vdw	A:LEU:574:CD1	A:LYS:570:O
0	vdw	A:GLU:568:CB	A:HOH:983:O
0	vdw	A:GLU:568:CG	A:THR:571:OG1
0	vdw	A:GLU:568:C	A:LYS:570:N
0	vdw	A:GLU:568:O	A:LYS:570:N
0	vdw	A:THR:569:C	A:THR:571:N
0	vdw	A:HOH:916:O	A:TYR:583:OH
0	vdw	A:LEU:573:N	A:LYS:570:O
0	vdw	A:LEU:574:N	A:LYS:570:O
0	vdw	A:LEU:574:CB	A:LYS:570:O
0	vdw	A:LEU:574:CG	A:LYS:570:O
0	vdw	A:ALA:572:C	A:LEU:574:N
0	vdw	A:ALA:572:O	A:LEU:576:N
0	vdw	A:ALA:572:O	A:LEU:576:CB
0	vdw	A:LEU:573:O	A:PHE:577:N
0	vdw	A:LEU:573:O	A:PHE:577:CA
0	vdw	A:LEU:573:O	A:PHE:577:CD2
0	vdw	A:ALA:572:N	A:LYS:570:C
0	vdw	A:ALA:572:N	A:LYS:570:O
0	vdw	A:LEU:573:N	A:THR:571:C
0	vdw	A:LEU:573:N	A:THR:571:O
0	vdw	A:LEU:574:N	A:THR:571:O
0	vdw	A:ALA:572:O	A:LEU:576:CG
0	vdw	A:ALA:572:O	A:LEU:576:CD1
0	vdw	A:LEU:573:O	A:PHE:577:CB
0	vdw	A:LEU:573:CD2	A:PHE:577:CD2
0	vdw	A:LEU:573:CD2	A:PHE:577:CE2
0	vdw	A:GLU:653:C	A:LEU:655:N
0	vdw	A:GLU:653:O	A:LEU:655:N
0	vdw	A:ARG:562:NH1	A:LEU:655:C
0	vdw	A:ARG:562:CZ	A:GLN:656:N
0	vdw	A:ARG:562:NH1	A:GLN:656:N
0	vdw	A:ARG:562:CZ	A:GLN:656:CA
0	vdw	A:ARG:562:NH1	A:GLN:656:CA
0	vdw	A:GLN:657:N	A:LEU:655:C
0	vdw	A:GLN:657:N	A:LEU:655:O
0	vdw	A:GLN:657:CA	A:LEU:655:O
0	vdw	A:GLN:657:CB	A:LEU:655:O
0	vdw	A:ARG:562:CD	A:GLN:656:CB
0	vdw	A:ARG:562:CZ	A:GLN:656:CB
0	vdw	A:ARG:562:NH1	A:GLN:656:CB
0	vdw	A:ARG:562:CB	A:VAL:612:CB
0	vdw	A:ARG:562:CB	A:VAL:612:CG2
0	vdw	A:ARG:562:CB	A:ILE:559:O
0	vdw	A:CYS:563:N	A:THR:561:C
0	vdw	A:ARG:562:C	A:PHE:610:CE1
0	vdw	A:ARG:562:O	A:PHE:610:CE1
0	vdw	A:CYS:563:CA	A:PHE:610:CE1
0	vdw	A:CYS:563:C	A:PHE:610:CE1
0	vdw	A:PHE:610:CE1	A:SER:564:N
0	vdw	A:ARG:562:O	A:PHE:610:CD1
0	vdw	A:ARG:562:O	A:VAL:612:N
0	vdw	A:CYS:563:CA	A:PHE:610:O
0	vdw	A:CYS:563:C	A:PHE:610:O
0	vdw	A:PHE:610:O	A:SER:564:N
0	vdw	A:ARG:562:O	A:VAL:612:CG2
0	vdw	A:SER:564:O	A:THR:566:N
0	vdw	A:GLU:565:C	A:HOH:903:O
0	vdw	A:GLU:565:O	A:HOH:903:O
0	vdw	A:HOH:914:O	A:SER:564:CA
0	vdw	A:HOH:914:O	A:SER:564:C
0	vdw	A:HOH:914:O	A:SER:564:CB
0	vdw	A:HOH:972:O	A:SER:564:CB
0	vdw	A:GLU:565:N	A:HOH:914:O
0	vdw	A:GLU:565:CA	A:HOH:914:O
0	vdw	A:GLU:565:CB	A:HOH:914:O
0	vdw	A:HOH:903:O	A:HOH:978:O
0	vdw	A:SER:564:O	A:TRP:602:CZ2
0	vdw	A:GLU:565:O	A:PHE:604:CB
0	vdw	A:HOH:903:O	A:PHE:604:CB
0	vdw	A:GLN:605:CB	A:HOH:903:O
0	vdw	A:GLN:605:N	A:HOH:903:O
0	vdw	A:HOH:983:O	A:TYR:567:CD1
0	vdw	A:GLU:568:N	A:HOH:983:O
0	vdw	A:GLN:605:CB	A:TYR:567:CD1
0	vdw	A:GLN:605:OE1	A:TYR:567:CD1
0	vdw	A:ALA:603:O	A:THR:566:CA
0	vdw	A:ALA:603:O	A:THR:566:C
0	vdw	A:ALA:603:O	A:TYR:567:N
0	vdw	A:ALA:603:O	A:TYR:567:CA
0	vdw	A:ALA:603:CB	A:TYR:567:O
0	vdw	A:PHE:604:CA	A:TYR:567:CB
0	vdw	A:PHE:604:C	A:TYR:567:CB
0	vdw	A:GLN:605:N	A:TYR:567:CB
0	vdw	A:THR:569:N	A:TYR:567:C
0	vdw	A:THR:569:N	A:TYR:567:O
0	vdw	A:GLU:568:O	A:THR:571:OG1
0	vdw	A:GLU:702:OE2	A:TYR:567:CE2
0	vdw	A:TYR:567:CE2	A:TYR:703:CD2
0	vdw	A:GLU:702:OE2	A:TYR:567:CZ
0	vdw	A:GLU:702:CG	A:TYR:567:CE2
0	vdw	A:GLU:702:CD	A:TYR:567:CE2
0	vdw	A:GLU:702:CG	A:TYR:567:CZ
0	vdw	A:GLU:702:CD	A:TYR:567:CZ
0	vdw	A:TYR:567:CD2	A:TYR:703:CB
0	vdw	A:GLN:657:C	A:GLY:659:N
0	vdw	A:GLN:657:O	A:GLY:659:N
0	vdw	A:GLN:657:O	A:PHE:651:CE2
0	vdw	A:PHE:610:CE2	A:SER:564:OG
0	vdw	A:HOH:914:O	A:HOH:972:O
0	vdw	A:HOH:972:O	A:HOH:978:O
0	vdw	A:GLN:608:O	A:HOH:972:O
0	vdw	A:GLN:608:O	A:HOH:978:O
0	vdw	A:GLN:605:O	A:HOH:978:O
0	vdw	A:HOH:972:O	A:SER:564:OG
0	vdw	A:GLN:605:CG	A:HOH:947:O
0	vdw	A:GLN:605:CD	A:HOH:947:O
0	vdw	A:GLN:605:OE1	A:HOH:947:O
0	vdw	A:GLN:605:OE1	A:TYR:567:CE1
0	vdw	A:GLU:702:CG	A:TYR:567:OH
0	vdw	A:GLU:702:CD	A:TYR:567:OH
0	vdw	A:GLU:702:CA	A:HOH:947:O
0	vdw	A:GLU:702:C	A:HOH:947:O
0	vdw	A:GLU:702:CG	A:HOH:947:O
0	vdw	A:GLU:702:O	A:HOH:947:O
0	vdw	A:GLU:702:OE2	A:TYR:567:OH
0	vdw	A:GLY:555:N	A:SER:553:O
0	vdw	A:GLY:554:C	A:SER:616:CB
0	vdw	A:GLY:554:O	A:SER:616:CB
0	vdw	A:GLY:555:C	A:SER:616:CB
0	vdw	A:GLY:554:N	A:LEU:551:O
0	vdw	A:GLU:552:C	A:GLY:554:N
0	vdw	A:GLU:552:O	A:GLY:554:N
0	vdw	A:GLY:554:CA	A:LEU:551:O
0	vdw	A:GLY:555:N	A:LEU:551:O
0	vdw	A:GLU:552:C	A:GLY:555:N
0	vdw	A:GLU:552:O	A:GLY:555:N
0	vdw	A:GLY:555:N	A:SER:553:C
0	vdw	A:GLU:552:O	A:GLY:555:CA
0	vdw	A:ALA:556:N	A:LEU:551:O
0	vdw	A:GLY:555:O	A:HOH:940:O
0	vdw	A:GLY:554:CA	A:HOH:953:O
0	vdw	A:GLY:554:C	A:HOH:953:O
0	vdw	A:HOH:953:O	A:SER:616:CB
0	vdw	A:LEU:551:C	A:SER:553:N
0	vdw	A:LEU:551:O	A:SER:553:N
0	vdw	A:GLU:552:N	A:HOH:970:O
0	vdw	A:GLU:552:CA	A:HOH:970:O
0	vdw	A:GLU:552:CB	A:HOH:970:O
0	vdw	A:GLU:552:OE1	A:HOH:1007:O
0	vdw	A:HOH:970:O	A:SER:553:N
0	vdw	A:HOH:1007:O	A:HOH:1025:O
0	vdw	A:GLN:593:NE2	A:GLU:552:OE1
0	vdw	A:GLU:552:OE1	A:HOH:984:O
0	vdw	A:HOH:970:O	A:HOH:984:O
0	vdw	A:HOH:1007:O	A:HOH:984:O
0	vdw	A:GLU:552:N	A:LEU:592:O
0	vdw	A:GLU:552:N	A:LEU:592:CB
0	vdw	A:GLU:552:CB	A:LEU:592:O
0	vdw	A:GLU:552:CB	A:LEU:592:CB
0	vdw	A:HOH:970:O	A:LEU:592:O
0	vdw	A:HOH:960:O	A:SER:553:CB
0	vdw	A:HOH:970:O	A:LEU:551:CD1
0	vdw	A:HOH:960:O	A:HOH:970:O
0	vdw	A:HOH:970:O	A:PRO:594:CD
0	vdw	A:ALA:550:C	A:GLU:552:N
0	vdw	A:ALA:550:O	A:GLU:552:N
0	vdw	A:HOH:953:O	A:LEU:551:C
0	vdw	A:HOH:953:O	A:LEU:551:O
0	vdw	A:HOH:944:O	A:HOH:992:O
0	vdw	A:GLN:593:CB	A:HOH:944:O
0	vdw	A:GLN:593:CD	A:HOH:944:O
0	vdw	A:GLN:593:OE1	A:HOH:944:O
0	vdw	A:GLN:593:CG	A:HOH:984:O
0	vdw	A:GLN:593:CB	A:HOH:992:O
0	vdw	A:HOH:992:O	A:PRO:594:N
0	vdw	A:HOH:992:O	A:PRO:594:CG
0	vdw	A:HOH:992:O	A:PRO:594:CD
0	vdw	A:ASP:595:N	A:HOH:992:O
0	vdw	A:HOH:1001:O	A:HOH:944:O
0	vdw	A:ASP:595:CB	A:HOH:992:O
0	vdw	A:HOH:1005:O	A:HOH:1024:O
0	vdw	A:ASN:600:OD1	A:HOH:1005:O
0	vdw	A:HOH:1005:O	A:HOH:908:O
0	vdw	A:ASN:600:ND2	A:HOH:1005:O
0	vdw	A:HOH:1024:O	A:HOH:908:O
0	vdw	A:ALA:617:CA	A:HOH:986:O
0	vdw	A:ARG:618:N	A:HOH:986:O
0	vdw	A:ARG:618:CD	A:THR:686:OG1
0	vdw	A:ALA:617:N	A:LEU:615:O
0	vdw	A:GLN:688:CG	A:LEU:615:O
0	vdw	A:GLN:688:NE2	A:LEU:615:O
0	vdw	A:HOH:940:O	A:LEU:615:O
0	vdw	A:ALA:617:N	A:LEU:615:C
0	vdw	A:ALA:617:C	A:GLN:688:CG
0	vdw	A:ALA:617:O	A:GLN:688:CG
0	vdw	A:ALA:617:C	A:GLN:688:CD
0	vdw	A:ARG:618:N	A:GLN:688:CD
0	vdw	A:ALA:617:CA	A:GLN:688:NE2
0	vdw	A:ALA:556:CA	A:ARG:614:O
0	vdw	A:ALA:556:C	A:ARG:614:O
0	vdw	A:ALA:556:CB	A:ARG:614:O
0	vdw	A:ARG:614:O	A:SER:557:N
0	vdw	A:ARG:614:O	A:SER:557:O
0	vdw	A:ARG:614:O	A:HOH:940:O
0	vdw	A:ARG:614:CG	A:HOH:940:O
0	vdw	A:LEU:592:CD1	A:SER:557:CA
0	vdw	A:SER:557:O	A:VAL:613:CA
0	vdw	A:SER:557:O	A:VAL:613:C
0	vdw	A:SER:557:O	A:VAL:613:CG1
0	vdw	A:ARG:614:N	A:SER:557:O
0	vdw	A:ARG:614:CA	A:SER:557:O
0	vdw	A:ALA:556:CB	A:TYR:549:O
0	vdw	A:ALA:550:CA	A:ALA:556:CB
0	vdw	A:LEU:615:CA	A:TYR:549:O
0	vdw	A:LEU:615:C	A:TYR:549:O
0	vdw	A:SER:616:N	A:TYR:549:O
0	vdw	A:ALA:550:C	A:ALA:556:CB
0	vdw	A:ALA:550:O	A:ALA:556:CB
0	vdw	A:ALA:556:O	A:GLU:552:CA
0	vdw	A:ALA:556:O	A:GLU:552:CG
0	vdw	A:ALA:556:CB	A:LEU:551:C
0	vdw	A:ALA:556:CB	A:LEU:551:O
0	vdw	A:LEU:592:CD1	A:SER:557:C
0	vdw	A:ARG:589:O	A:LEU:592:CA
0	vdw	A:ARG:589:O	A:LEU:592:CB
0	vdw	A:LEU:592:CD1	A:VAL:558:CG1
0	vdw	A:HOH:917:O	A:LEU:592:CA
0	vdw	A:ALA:550:O	A:LEU:592:CB
0	vdw	A:ALA:550:O	A:LEU:592:CG
0	vdw	A:ALA:550:O	A:LEU:592:CD1
0	vdw	A:ALA:550:O	A:LEU:592:CD2
0	vdw	A:LEU:551:CD1	A:LEU:592:O
0	vdw	A:ARG:589:C	A:ILE:591:N
0	vdw	A:ARG:589:O	A:ILE:591:N
0	vdw	A:ARG:589:O	A:LEU:592:N
0	vdw	A:ARG:589:O	A:GLN:593:CG
0	vdw	A:LEU:592:N	A:VAL:590:C
0	vdw	A:LEU:592:N	A:VAL:590:O
0	vdw	A:GLN:593:N	A:VAL:590:O
0	vdw	A:GLN:593:CB	A:VAL:590:O
0	vdw	A:GLN:586:OE1	A:VAL:590:CG1
0	vdw	A:ASN:600:C	A:VAL:590:CG1
0	vdw	A:CYS:601:N	A:VAL:590:CG1
0	vdw	A:HOH:1001:O	A:VAL:590:CG1
0	vdw	A:GLN:586:OE1	A:VAL:590:CG2
0	vdw	A:GLN:593:CB	A:HOH:1001:O
0	vdw	A:GLN:593:OE1	A:HOH:1001:O
0	vdw	A:SER:587:O	A:VAL:590:N
0	vdw	A:PRO:588:C	A:VAL:590:N
0	vdw	A:PRO:588:O	A:VAL:590:N
0	vdw	A:SER:587:O	A:VAL:590:CB
0	vdw	A:SER:587:O	A:VAL:590:CG2
0	vdw	A:ILE:591:N	A:PRO:588:O
0	vdw	A:K:801:K	A:VAL:590:CA
0	vdw	A:K:801:K	A:VAL:590:C
0	vdw	A:GLN:593:O	A:VAL:590:O
0	vdw	A:K:801:K	A:VAL:590:CB
0	vdw	A:K:801:K	A:VAL:590:CG1
0	vdw	A:ILE:591:N	A:K:801:K
0	vdw	A:ILE:591:CA	A:K:801:K
0	vdw	A:GLN:593:N	A:ILE:591:C
0	vdw	A:GLN:593:N	A:K:801:K
0	vdw	A:GLN:593:CB	A:K:801:K
0	vdw	A:CYS:601:CA	A:VAL:590:CG1
0	vdw	A:CYS:601:C	A:VAL:590:CG1
0	vdw	A:ASN:600:O	A:VAL:590:CG1
0	vdw	A:GLN:586:CD	A:GLY:599:O
0	vdw	A:GLN:586:CD	A:HOH:912:O
0	vdw	A:ASN:600:CA	A:GLN:586:OE1
0	vdw	A:GLN:586:OE1	A:HOH:912:O
0	vdw	A:CYS:601:N	A:GLY:599:C
0	vdw	A:CYS:601:N	A:GLY:599:O
0	vdw	A:ASN:600:CG	A:HOH:912:O
0	vdw	A:ASN:600:OD1	A:HOH:912:O
0	vdw	A:HOH:1001:O	A:HOH:912:O
0	vdw	A:CYS:601:O	A:GLN:586:CG
0	vdw	A:ASN:600:CA	A:HIS:597:O
0	vdw	A:ASN:600:CB	A:HOH:912:O
0	vdw	A:ASP:595:O	A:HOH:1001:O
0	vdw	A:GLY:599:C	A:HOH:942:O
0	vdw	A:GLY:599:O	A:HOH:942:O
0	vdw	A:ASN:600:C	A:K:801:K
0	vdw	A:ASN:600:CG	A:ASP:595:OD1
0	vdw	A:ARG:618:NH2	A:ASP:652:O
0	vdw	A:ARG:618:NH2	A:HOH:930:O
0	vdw	A:ASP:652:O	A:HOH:930:O
0	vdw	A:ARG:618:NH2	A:ASP:652:OD1
0	vdw	A:ARG:618:CZ	A:THR:686:O
0	vdw	A:ARG:618:CZ	A:THR:686:OG1
0	vdw	A:GLN:688:N	A:HOH:930:O
0	vdw	A:HOH:930:O	A:VAL:689:N
0	vdw	A:ARG:614:CA	A:GLN:688:O
0	vdw	A:VAL:613:O	A:VAL:689:CA
0	vdw	A:VAL:613:O	A:VAL:689:C
0	vdw	A:PHE:651:N	A:VAL:689:O
0	vdw	A:HOH:930:O	A:PHE:651:O
0	vdw	A:TYR:687:C	A:VAL:689:N
0	vdw	A:GLY:650:CA	A:VAL:689:O
0	vdw	A:ARG:614:C	A:GLN:688:O
0	vdw	A:GLN:688:O	A:LEU:615:N
0	vdw	A:GLN:688:O	A:LEU:615:CA
0	vdw	A:GLN:688:O	A:LEU:615:CB
0	vdw	A:VAL:612:CA	A:VAL:690:O
0	vdw	A:VAL:612:C	A:VAL:690:O
0	vdw	A:VAL:613:N	A:VAL:690:O
0	vdw	A:VAL:613:O	A:VAL:690:N
0	vdw	A:VAL:613:O	A:VAL:690:O
0	vdw	A:VAL:612:CG1	A:VAL:689:CG1
0	vdw	A:PHE:649:O	A:VAL:690:CA
0	vdw	A:ALA:611:CB	A:ILE:591:CD1
0	vdw	A:PRO:588:C	A:VAL:558:CG1
0	vdw	A:PRO:588:O	A:VAL:558:CG1
0	vdw	A:ILE:591:CG1	A:PRO:588:O
0	vdw	A:ALA:611:CB	A:TRP:602:CZ3
0	vdw	A:SER:587:O	A:TRP:602:CB
0	vdw	A:SER:587:O	A:TRP:602:CD1
0	vdw	A:PRO:588:CA	A:TRP:602:CG
0	vdw	A:PRO:588:CA	A:TRP:602:CD1
0	vdw	A:PRO:588:CA	A:TRP:602:CD2
0	vdw	A:ILE:591:CG2	A:TRP:602:CB
0	vdw	A:ILE:591:CG2	A:ILE:706:O
0	vdw	A:ILE:591:CG2	A:ILE:706:CB
0	vdw	A:ILE:591:CG2	A:ILE:706:CG2
0	vdw	A:CYS:601:O	A:GLN:586:CB
0	vdw	A:CYS:601:C	A:HOH:937:O
0	vdw	A:CYS:601:O	A:HOH:937:O
0	vdw	A:HOH:937:O	A:HOH:942:O
0	vdw	A:CYS:705:C	A:TRP:602:O
0	vdw	A:CYS:705:CB	A:TRP:602:O
0	vdw	A:ILE:706:N	A:TRP:602:O
0	vdw	A:CYS:601:SG	A:HOH:937:O
0	vdw	A:CYS:705:CA	A:TRP:602:O
0	vdw	A:CYS:601:CA	A:ILE:706:O
0	vdw	A:CYS:601:C	A:ILE:706:O
0	vdw	A:ILE:706:O	A:TRP:602:N
0	vdw	A:HOH:942:O	A:THR:569:OG1
0	vdw	A:HOH:958:O	A:THR:569:OG1
0	vdw	A:HOH:1008:O	A:THR:569:OG1
0	vdw	A:HOH:916:O	A:LYS:570:CD
0	vdw	A:HOH:916:O	A:LYS:570:CE
0	vdw	A:HOH:942:O	A:LYS:570:CE
0	vdw	A:HOH:958:O	A:LYS:570:NZ
0	vdw	A:HOH:916:O	A:HOH:942:O
0	vdw	A:HOH:942:O	A:HOH:958:O
0	vdw	A:HOH:1008:O	A:HOH:958:O
0	vdw	A:HOH:1008:O	A:HOH:1012:O
0	vdw	A:GLY:599:CA	A:HOH:942:O
0	vdw	A:GLY:599:CA	A:HOH:958:O
0	vdw	A:ASP:652:CB	A:HOH:977:O
0	vdw	A:GLU:653:N	A:PHE:651:C
0	vdw	A:GLY:650:O	A:HOH:977:O
0	vdw	A:HOH:977:O	A:PHE:651:CA
0	vdw	A:ASP:652:N	A:HOH:977:O
0	vdw	A:GLY:650:O	A:GLY:659:CA
0	vdw	A:GLY:659:CA	A:PHE:651:CD2
0	vdw	A:GLY:659:N	A:PHE:651:CE2
0	vdw	A:GLY:659:CA	A:PHE:651:CE2
0	vdw	A:GLU:658:O	A:HOH:977:O
0	vdw	A:GLY:650:C	A:TYR:687:CD1
0	vdw	A:GLY:650:C	A:TYR:687:CE1
0	vdw	A:PHE:651:N	A:TYR:687:CD1
0	vdw	A:PHE:651:C	A:TYR:687:CD1
0	vdw	A:GLY:650:O	A:THR:660:N
0	vdw	A:HOH:977:O	A:THR:660:CG2
0	vdw	A:GLU:691:CB	A:VAL:612:CG2
0	vdw	A:GLU:691:CG	A:VAL:612:CG2
0	vdw	A:GLU:691:CB	A:PHE:651:CE1
0	vdw	A:GLU:691:OE2	A:PHE:651:CE1
0	vdw	A:GLU:691:OE2	A:PHE:651:CZ
0	vdw	A:ALA:611:O	A:GLU:691:CA
0	vdw	A:ALA:611:O	A:GLU:691:CG
0	vdw	A:ARG:693:NE	A:GLU:691:CD
0	vdw	A:ARG:693:NH2	A:GLU:691:CD
0	vdw	A:ARG:693:NH2	A:GLU:691:OE2
0	vdw	A:PHE:649:O	A:VAL:690:C
0	vdw	A:GLU:691:N	A:PHE:649:O
0	vdw	A:LEU:692:O	A:PHE:610:CA
0	vdw	A:LEU:692:O	A:PHE:610:C
0	vdw	A:LEU:692:O	A:PHE:610:CB
0	vdw	A:ALA:611:N	A:LEU:692:O
0	vdw	A:ALA:611:O	A:LEU:692:O
0	vdw	A:PHE:610:N	A:SER:564:OG
0	vdw	A:PHE:610:O	A:SER:564:OG
0	vdw	A:PHE:610:O	A:TRP:602:CH2
0	vdw	A:ALA:611:O	A:LEU:692:N
0	vdw	A:ALA:611:O	A:GLU:691:C
0	vdw	A:PHE:604:CD2	A:TRP:602:CZ3
0	vdw	A:PHE:604:CD2	A:TRP:602:CH2
0	vdw	A:GLY:609:CA	A:SER:564:OG
0	vdw	A:GLY:609:C	A:SER:564:OG
0	vdw	A:GLN:608:C	A:PHE:604:CD1
0	vdw	A:GLN:608:O	A:PHE:604:CD1
0	vdw	A:GLY:609:CA	A:PHE:604:CD1
0	vdw	A:GLN:608:C	A:PHE:604:CE1
0	vdw	A:GLN:608:O	A:PHE:604:CE1
0	vdw	A:GLY:609:N	A:PHE:604:CE1
0	vdw	A:GLY:609:CA	A:PHE:604:CE1
0	vdw	A:GLY:609:N	A:PHE:604:CZ
0	vdw	A:GLY:609:CA	A:PHE:604:CZ
0	vdw	A:ILE:694:CB	A:PHE:604:CZ
0	vdw	A:ILE:694:CG1	A:PHE:604:CZ
0	vdw	A:GLY:606:O	A:PHE:604:CE1
0	vdw	A:PHE:604:CE1	A:THR:704:CB
0	vdw	A:PHE:604:CZ	A:THR:704:CB
0	vdw	A:PHE:604:CZ	A:THR:704:CG2
0	vdw	A:ILE:694:CG2	A:PHE:604:CZ
0	vdw	A:ALA:603:CA	A:THR:704:O
0	vdw	A:ALA:603:C	A:THR:704:O
0	vdw	A:ALA:603:CB	A:THR:704:O
0	vdw	A:PHE:604:N	A:THR:704:O
0	vdw	A:PHE:604:O	A:TYR:703:C
0	vdw	A:PHE:604:O	A:TYR:703:CB
0	vdw	A:PHE:604:O	A:THR:704:N
0	vdw	A:PHE:604:O	A:THR:704:O
0	vdw	A:ALA:603:CB	A:THR:569:CG2
0	vdw	A:THR:569:CG2	A:TYR:703:CD1
0	vdw	A:GLY:606:N	A:PHE:604:O
0	vdw	A:PHE:604:O	A:TYR:703:CA
0	vdw	A:GLY:606:O	A:TYR:703:C
0	vdw	A:GLY:606:O	A:THR:704:N
0	vdw	A:SER:641:O	A:THR:704:C
0	vdw	A:ALA:603:CA	A:CYS:705:CB
0	vdw	A:ALA:603:CB	A:CYS:705:CB
0	vdw	A:THR:569:CG2	A:TYR:703:CE1
0	vdw	A:THR:569:CG2	A:TYR:703:CE2
0	vdw	A:THR:569:CG2	A:TYR:703:CZ
0	vdw	A:HIS:700:CE1	A:TYR:703:CD2
0	vdw	A:HIS:700:CE1	A:TYR:703:CE2
0	vdw	A:HIS:700:CE1	A:TYR:703:CZ
0	vdw	A:HOH:936:O	A:TYR:703:CE1
0	vdw	A:HIS:700:NE2	A:TYR:703:CE2
0	vdw	A:HIS:700:NE2	A:TYR:703:CZ
0	vdw	A:HOH:936:O	A:TYR:703:CZ
0	vdw	A:HOH:936:O	A:TYR:703:OH
0	vdw	A:SER:641:CB	A:TYR:703:CE1
0	vdw	A:GLU:658:O	A:THR:660:CG2
0	vdw	A:GLY:659:CA	A:PHE:651:CZ
0	vdw	A:ARG:693:NE	A:GLU:691:OE1
0	vdw	A:ARG:693:CZ	A:GLU:691:OE1
0	vdw	A:ARG:693:NH2	A:GLU:691:OE1
0	vdw	A:ARG:693:NE	A:PHE:649:CE1
0	vdw	A:ARG:693:CZ	A:PHE:649:CD1
0	vdw	A:ARG:693:CZ	A:PHE:649:CE1
0	vdw	A:ARG:693:CZ	A:PHE:649:CZ
0	vdw	A:ARG:693:NH1	A:PHE:649:CE1
0	vdw	A:ARG:693:NH1	A:PHE:649:CZ
0	vdw	A:GLU:691:OE1	A:PHE:610:CB
0	vdw	A:ARG:693:CG	A:HOH:915:O
0	vdw	A:GLN:608:CB	A:HOH:915:O
0	vdw	A:ARG:693:C	A:GLY:609:O
0	vdw	A:GLY:609:O	A:ILE:694:N
0	vdw	A:HOH:915:O	A:LEU:695:CD2
0	vdw	A:GLY:609:O	A:ILE:694:CA
0	vdw	A:GLY:609:O	A:ILE:694:O
0	vdw	A:HOH:915:O	A:ILE:694:C
0	vdw	A:HOH:915:O	A:ILE:694:O
0	vdw	A:PHE:610:CD2	A:SER:564:OG
0	vdw	A:ARG:693:CA	A:GLY:609:O
0	vdw	A:GLN:608:N	A:HOH:906:O
0	vdw	A:GLN:608:CA	A:HOH:906:O
0	vdw	A:GLN:608:C	A:HOH:906:O
0	vdw	A:GLN:608:O	A:HOH:906:O
0	vdw	A:GLN:608:CB	A:HOH:906:O
0	vdw	A:GLN:608:N	A:GLY:606:C
0	vdw	A:GLN:605:O	A:HOH:906:O
0	vdw	A:GLY:606:CA	A:HOH:906:O
0	vdw	A:GLY:606:C	A:HOH:906:O
0	vdw	A:GLN:608:CA	A:ILE:694:O
0	vdw	A:GLN:608:C	A:ILE:694:O
0	vdw	A:GLN:608:CB	A:ILE:694:O
0	vdw	A:GLY:609:N	A:ILE:694:O
0	vdw	A:GLN:605:CA	A:GLU:702:O
0	vdw	A:GLN:605:C	A:GLU:702:O
0	vdw	A:GLU:702:O	A:GLY:606:N
0	vdw	A:GLY:606:N	A:TYR:703:CA
0	vdw	A:GLU:702:O	A:GLY:606:CA
0	vdw	A:GLY:606:O	A:TYR:703:CA
0	vdw	A:GLU:702:C	A:GLY:606:N
0	vdw	A:GLY:606:O	A:THR:704:OG1
0	vdw	A:HIS:700:ND1	A:TYR:703:N
0	vdw	A:GLY:606:O	A:THR:704:CB
0	vdw	A:GLU:702:CB	A:HIS:700:CE1
0	vdw	A:GLU:702:N	A:HIS:700:C
0	vdw	A:GLU:702:N	A:HIS:700:ND1
0	vdw	A:GLU:702:CA	A:HIS:700:ND1
0	vdw	A:GLU:702:CB	A:HIS:700:ND1
0	vdw	A:GLU:702:N	A:HIS:700:O
0	vdw	A:GLN:608:CG	A:LEU:695:O
0	vdw	A:HIS:597:CE1	A:HOH:1019:O
0	vdw	A:ALA:716:N	A:HOH:964:O
0	vdw	A:ALA:716:CB	A:HOH:964:O
0	vdw	A:ILE:619:CG2	A:TYR:549:CE1
0	vdw	A:ASP:548:O	A:HOH:939:O
0	vdw	A:ASP:548:O	A:HOH:953:O
0	vdw	A:HOH:953:O	A:SER:616:OG
0	vdw	A:HOH:939:O	A:HOH:953:O
0	vdw	A:ASP:548:O	A:LEU:551:CB
0	vdw	A:HOH:939:O	A:LEU:551:CB
0	vdw	A:HOH:953:O	A:LEU:551:CB
0	vdw	A:ALA:550:N	A:ASP:548:O
0	vdw	A:SER:616:OG	A:TYR:549:CA
0	vdw	A:SER:616:OG	A:TYR:549:O
0	vdw	A:HOH:953:O	A:TYR:549:CA
0	vdw	A:HOH:953:O	A:TYR:549:C
0	vdw	A:HOH:953:O	A:TYR:549:O
0	vdw	A:ASP:548:O	A:LEU:551:N
0	vdw	A:HOH:953:O	A:LEU:551:N
0	vdw	A:HOH:953:O	A:LEU:551:CA
0	vdw	A:LEU:551:CG	A:SER:553:OG
0	vdw	A:HOH:960:O	A:LEU:551:CD1
0	vdw	A:LEU:551:CD2	A:SER:553:OG
0	vdw	A:HOH:960:O	A:SER:553:OG
0	vdw	A:HOH:960:O	A:PRO:594:CG
0	vdw	A:HOH:960:O	A:PRO:594:CD
0	vdw	A:ASP:548:OD2	A:LEU:551:CB
0	vdw	A:ARG:708:NH2	A:LEU:551:CD1
0	vdw	A:K:801:K	A:PRO:594:C
0	vdw	A:PRO:594:O	A:VAL:596:CG1
0	vdw	A:ASP:595:N	A:GLN:593:C
0	vdw	A:ASP:595:N	A:GLN:593:O
0	vdw	A:ASP:595:N	A:K:801:K
0	vdw	A:HOH:996:O	A:PRO:594:O
0	vdw	A:PRO:594:C	A:VAL:596:N
0	vdw	A:PRO:594:O	A:VAL:596:N
0	vdw	A:HOH:950:O	A:PRO:594:CA
0	vdw	A:HOH:950:O	A:PRO:594:C
0	vdw	A:HOH:950:O	A:PRO:594:O
0	vdw	A:ASP:595:CG	A:HIS:597:ND1
0	vdw	A:ASP:595:CG	A:HOH:908:O
0	vdw	A:ASP:595:OD1	A:HIS:597:ND1
0	vdw	A:ASP:595:OD1	A:HOH:908:O
0	vdw	A:ASP:595:OD2	A:HOH:908:O
0	vdw	A:HIS:597:CE1	A:HOH:982:O
0	vdw	A:ASP:595:OD1	A:HIS:597:CB
0	vdw	A:ASP:595:OD1	A:HIS:597:CG
0	vdw	A:ASN:600:ND2	A:ASP:595:CG
0	vdw	A:ASP:595:OD1	A:HIS:597:N
0	vdw	A:ASN:600:ND2	A:ASP:595:OD1
0	vdw	A:ASN:600:ND2	A:ASP:595:OD2
0	vdw	A:ASN:600:ND2	A:HOH:908:O
0	vdw	A:HOH:982:O	A:VAL:596:N
0	vdw	A:HOH:982:O	A:VAL:596:CG2
0	vdw	A:HOH:982:O	A:HOH:996:O
0	vdw	A:ARG:618:O	A:HOH:964:O
0	vdw	A:ARG:618:O	A:HOH:998:O
0	vdw	A:HOH:964:O	A:PRO:715:CA
0	vdw	A:HOH:964:O	A:PRO:715:C
0	vdw	A:HOH:998:O	A:PRO:715:C
0	vdw	A:HOH:998:O	A:PRO:715:O
0	vdw	A:ARG:618:CG	A:TYR:687:C
0	vdw	A:HOH:964:O	A:PRO:715:CB
0	vdw	A:ILE:619:CG2	A:TYR:549:CD1
0	vdw	A:ALA:617:O	A:ILE:619:N
0	vdw	A:ALA:617:O	A:LEU:615:CB
0	vdw	A:ILE:619:CG2	A:TYR:549:CG
0	vdw	A:ILE:619:CD1	A:TYR:549:CD2
0	vdw	A:ARG:618:CA	A:TYR:687:O
0	vdw	A:ARG:618:C	A:TYR:687:O
0	vdw	A:ILE:619:N	A:TYR:687:O
0	vdw	A:ILE:619:CG1	A:LEU:615:CD1
0	vdw	A:ILE:619:CD1	A:LEU:615:CD1
0	vdw	A:SER:616:OG	A:TYR:549:CD1
0	vdw	A:GLU:714:O	A:ILE:619:CA
0	vdw	A:GLU:714:O	A:ILE:619:CB
0	vdw	A:ILE:619:CG2	A:PRO:715:CA
0	vdw	A:ALA:550:N	A:ASP:548:C
0	vdw	A:LEU:615:CD2	A:TYR:549:C
0	vdw	A:LEU:615:CB	A:TYR:549:O
0	vdw	A:LEU:615:CD2	A:TYR:549:O
0	vdw	A:LEU:551:N	A:TYR:549:C
0	vdw	A:ALA:550:N	A:ASP:548:OD1
0	vdw	A:ALA:550:CA	A:ASP:548:OD1
0	vdw	A:ALA:550:CB	A:ASP:548:OD1
0	vdw	A:ASP:548:OD1	A:VAL:711:N
0	vdw	A:ALA:550:CB	A:VAL:711:CG2
0	vdw	A:LEU:615:CD2	A:VAL:711:CB
0	vdw	A:ASP:548:C	A:VAL:711:O
0	vdw	A:TYR:549:N	A:VAL:711:O
0	vdw	A:TYR:549:CD2	A:VAL:711:O
0	vdw	A:ASP:548:CG	A:LEU:551:N
0	vdw	A:ARG:710:CA	A:ASP:548:CG
0	vdw	A:ASP:548:CG	A:HOH:917:O
0	vdw	A:ALA:550:C	A:ASP:548:OD1
0	vdw	A:ASP:548:OD1	A:LEU:551:N
0	vdw	A:ARG:710:CA	A:ASP:548:OD1
0	vdw	A:ARG:708:NH2	A:ASP:548:OD2
0	vdw	A:ASP:548:OD2	A:HOH:917:O
0	vdw	A:ARG:708:NE	A:HOH:917:O
0	vdw	A:HOH:917:O	A:PHE:709:O
0	vdw	A:ILE:591:O	A:PHE:709:O
0	vdw	A:ARG:708:CG	A:HOH:917:O
0	vdw	A:ARG:710:C	A:ASP:548:OD1
0	vdw	A:ARG:710:CB	A:ASP:548:CG
0	vdw	A:ARG:710:CB	A:ASP:548:OD1
0	vdw	A:ARG:710:CB	A:ASP:548:OD2
0	vdw	A:ARG:710:CG	A:ASP:548:OD2
0	vdw	A:ARG:708:NE	A:ARG:710:CG
0	vdw	A:ARG:708:CZ	A:ARG:710:CD
0	vdw	A:ARG:708:CZ	A:ARG:710:NE
0	vdw	A:ARG:708:CZ	A:ARG:710:CZ
0	vdw	A:ARG:708:NH2	A:ARG:710:CD
0	vdw	A:ARG:708:CZ	A:ASP:542:OD2
0	vdw	A:ARG:708:NH2	A:ASP:542:CG
0	vdw	A:ARG:708:NH2	A:ASP:542:OD2
0	vdw	A:ARG:708:CA	A:ILE:591:O
0	vdw	A:ARG:708:CG	A:ILE:591:O
0	vdw	A:GLN:593:CA	A:K:801:K
0	vdw	A:GLN:593:C	A:K:801:K
0	vdw	A:ARG:708:CB	A:VAL:596:CG1
0	vdw	A:K:801:K	A:VAL:596:CG1
0	vdw	A:ARG:708:CA	A:K:801:K
0	vdw	A:ARG:708:CB	A:K:801:K
0	vdw	A:ASP:595:C	A:K:801:K
0	vdw	A:K:801:K	A:VAL:596:N
0	vdw	A:K:801:K	A:VAL:596:CA
0	vdw	A:ASN:600:CB	A:K:801:K
0	vdw	A:ARG:708:C	A:ILE:591:O
0	vdw	A:K:801:K	A:TYR:707:CA
0	vdw	A:K:801:K	A:TYR:707:C
0	vdw	A:GLU:627:CD	A:VAL:596:CG1
0	vdw	A:ARG:708:CB	A:GLU:627:OE1
0	vdw	A:ARG:708:CB	A:HOH:932:O
0	vdw	A:ARG:708:CG	A:HOH:932:O
0	vdw	A:ARG:708:CD	A:GLU:627:OE1
0	vdw	A:ARG:708:CD	A:HOH:950:O
0	vdw	A:ASP:595:CA	A:K:801:K
0	vdw	A:ASP:595:C	A:HIS:597:N
0	vdw	A:ASN:600:CB	A:ASP:595:O
0	vdw	A:TYR:707:CD2	A:VAL:596:O
0	vdw	A:TYR:707:CE2	A:VAL:596:O
0	vdw	A:ASN:600:N	A:HIS:597:O
0	vdw	A:ASN:600:CB	A:HIS:597:O
0	vdw	A:HIS:597:O	A:TYR:707:CE2
0	vdw	A:ASN:600:O	A:TYR:707:CD2
0	vdw	A:GLY:599:N	A:HIS:597:O
0	vdw	A:ASN:600:N	A:PRO:598:C
0	vdw	A:CYS:601:CB	A:TYR:707:CD2
0	vdw	A:CYS:601:CB	A:TYR:707:CE2
0	vdw	A:HOH:923:O	A:VAL:596:C
0	vdw	A:HOH:923:O	A:VAL:596:O
0	vdw	A:PRO:598:CA	A:TYR:707:OH
0	vdw	A:GLY:599:N	A:TYR:707:OH
0	vdw	A:PRO:598:CG	A:VAL:629:CG2
0	vdw	A:HOH:989:O	A:PRO:598:CG
0	vdw	A:ARG:618:NH1	A:THR:686:CA
0	vdw	A:ARG:618:NH1	A:THR:686:C
0	vdw	A:ARG:618:NH1	A:THR:686:O
0	vdw	A:ARG:618:NH1	A:THR:686:CB
0	vdw	A:ARG:618:NH1	A:THR:686:OG1
0	vdw	A:ARG:618:NH1	A:TYR:687:N
0	vdw	A:ILE:619:C	A:THR:686:CA
0	vdw	A:ILE:619:O	A:THR:686:CA
0	vdw	A:ILE:619:O	A:THR:686:C
0	vdw	A:ILE:619:C	A:THR:686:CB
0	vdw	A:ILE:619:O	A:THR:686:CB
0	vdw	A:ALA:685:O	A:TYR:687:CE2
0	vdw	A:ALA:685:O	A:ARG:620:CA
0	vdw	A:ALA:685:O	A:PRO:621:CD
0	vdw	A:ALA:685:C	A:HOH:913:O
0	vdw	A:ALA:685:O	A:HOH:913:O
0	vdw	A:ILE:619:O	A:TYR:687:N
0	vdw	A:ILE:619:O	A:TYR:687:O
0	vdw	A:PRO:621:CG	A:TYR:687:CD2
0	vdw	A:ILE:619:C	A:PRO:621:N
0	vdw	A:ILE:619:C	A:PRO:621:CD
0	vdw	A:ILE:619:O	A:PRO:621:CD
0	vdw	A:PRO:621:CD	A:TYR:687:CD2
0	vdw	A:GLU:714:O	A:ILE:619:C
0	vdw	A:PHE:709:CE2	A:VAL:711:CG2
0	vdw	A:PHE:709:CZ	A:VAL:711:CG2
0	vdw	A:PHE:649:O	A:VAL:690:CB
0	vdw	A:LEU:692:CD2	A:PHE:709:CG
0	vdw	A:PHE:709:CA	A:THR:625:O
0	vdw	A:PHE:709:C	A:THR:625:O
0	vdw	A:ARG:710:N	A:THR:625:O
0	vdw	A:ILE:591:O	A:PHE:709:N
0	vdw	A:PHE:709:CE1	A:VAL:624:CB
0	vdw	A:PHE:709:CE1	A:VAL:624:CG1
0	vdw	A:ARG:708:O	A:LEU:626:CD1
0	vdw	A:HOH:946:O	A:ILE:706:CA
0	vdw	A:ARG:708:N	A:ILE:706:C
0	vdw	A:HOH:946:O	A:ILE:706:C
0	vdw	A:HOH:946:O	A:TYR:707:N
0	vdw	A:CYS:601:CB	A:ILE:706:C
0	vdw	A:CYS:601:CB	A:ILE:706:O
0	vdw	A:CYS:601:CB	A:TYR:707:CA
0	vdw	A:HIS:628:ND1	A:HOH:946:O
0	vdw	A:HOH:946:O	A:PRO:643:CD
0	vdw	A:ARG:708:O	A:LEU:626:CA
0	vdw	A:ARG:708:O	A:GLU:627:N
0	vdw	A:GLU:627:C	A:HOH:946:O
0	vdw	A:GLU:627:O	A:HOH:946:O
0	vdw	A:CYS:705:O	A:HOH:946:O
0	vdw	A:ARG:708:C	A:HOH:932:O
0	vdw	A:ARG:708:O	A:HOH:932:O
0	vdw	A:CYS:601:CB	A:TYR:707:CG
0	vdw	A:CYS:601:CB	A:TYR:707:CD1
0	vdw	A:CYS:601:CB	A:TYR:707:CE1
0	vdw	A:CYS:601:CB	A:TYR:707:CZ
0	vdw	A:CYS:601:SG	A:CYS:705:CB
0	vdw	A:CYS:601:SG	A:CYS:705:SG
0	vdw	A:CYS:601:SG	A:TYR:707:CE1
0	vdw	A:CYS:601:SG	A:TYR:707:CZ
0	vdw	A:HIS:628:ND1	A:TYR:707:CD1
0	vdw	A:HIS:628:CE1	A:TYR:707:CD1
0	vdw	A:HIS:628:CE1	A:TYR:707:CE1
0	vdw	A:CYS:705:SG	A:HOH:1012:O
0	vdw	A:HOH:907:O	A:TYR:707:CE1
0	vdw	A:HOH:907:O	A:TYR:707:CZ
0	vdw	A:ALA:642:N	A:HIS:628:CE1
0	vdw	A:CYS:705:O	A:HIS:628:CE1
0	vdw	A:CYS:705:SG	A:SER:641:CB
0	vdw	A:TYR:707:CD1	A:VAL:629:N
0	vdw	A:TYR:707:CZ	A:VAL:629:CB
0	vdw	A:CYS:705:SG	A:SER:641:OG
0	vdw	A:TYR:707:CE1	A:VAL:629:CG1
0	vdw	A:TYR:707:CZ	A:VAL:629:CG1
0	vdw	A:ALA:642:CA	A:HIS:628:ND1
0	vdw	A:ALA:642:CB	A:HIS:628:ND1
0	vdw	A:ALA:642:CA	A:HIS:628:CE1
0	vdw	A:ALA:642:CB	A:HIS:628:CE1
0	vdw	A:GLU:627:O	A:TYR:707:CB
0	vdw	A:HOH:907:O	A:TYR:707:OH
0	vdw	A:HOH:907:O	A:HOH:929:O
0	vdw	A:HOH:907:O	A:HOH:976:O
0	vdw	A:HOH:1012:O	A:HOH:907:O
0	vdw	A:HOH:929:O	A:HOH:976:O
0	vdw	A:HOH:976:O	A:SER:641:OG
0	vdw	A:TYR:707:OH	A:VAL:629:CG1
0	vdw	A:HOH:907:O	A:VAL:629:CG1
0	vdw	A:HOH:929:O	A:VAL:629:CG1
0	vdw	A:HOH:929:O	A:SER:634:CB
0	vdw	A:HOH:929:O	A:SER:634:OG
0	vdw	A:HOH:976:O	A:ILE:639:CA
0	vdw	A:HIS:628:NE2	A:HOH:976:O
0	vdw	A:THR:660:OG1	A:TYR:687:OH
0	vdw	A:ALA:685:CB	A:THR:683:CB
0	vdw	A:ALA:685:CB	A:THR:683:OG1
0	vdw	A:HOH:901:O	A:TYR:687:OH
0	vdw	A:GLY:650:N	A:THR:660:O
0	vdw	A:GLY:650:N	A:LEU:662:CG
0	vdw	A:GLY:650:CA	A:TYR:687:CD1
0	vdw	A:GLY:650:CA	A:TYR:687:CE1
0	vdw	A:LEU:662:N	A:THR:660:O
0	vdw	A:LEU:662:CD2	A:THR:660:O
0	vdw	A:LEU:662:CD2	A:TYR:687:CE2
0	vdw	A:PHE:649:CA	A:THR:660:O
0	vdw	A:PHE:649:C	A:THR:660:O
0	vdw	A:ILE:648:O	A:LEU:662:N
0	vdw	A:LEU:662:N	A:THR:660:C
0	vdw	A:HOH:913:O	A:TYR:687:CE2
0	vdw	A:HOH:901:O	A:TYR:687:CZ
0	vdw	A:GLU:691:O	A:ILE:648:CA
0	vdw	A:GLU:691:O	A:ILE:648:C
0	vdw	A:GLU:691:O	A:PHE:649:N
0	vdw	A:ILE:648:O	A:LEU:661:CD1
0	vdw	A:GLY:663:N	A:ILE:648:O
0	vdw	A:ALA:647:C	A:GLY:663:O
0	vdw	A:GLY:663:O	A:ILE:648:N
0	vdw	A:ILE:648:O	A:LEU:662:CA
0	vdw	A:ILE:648:O	A:LEU:662:CB
0	vdw	A:ALA:647:O	A:ARG:693:N
0	vdw	A:ILE:648:CD1	A:LEU:692:CD1
0	vdw	A:ILE:694:CD1	A:PHE:646:CB
0	vdw	A:ILE:694:CD1	A:LEU:692:CG
0	vdw	A:ILE:694:CD1	A:LEU:692:CD1
0	vdw	A:ARG:693:O	A:PHE:646:CB
0	vdw	A:ILE:648:CD1	A:PHE:646:CD2
0	vdw	A:LEU:692:CD1	A:PHE:646:CD2
0	vdw	A:ILE:706:CD1	A:PRO:643:CB
0	vdw	A:ILE:706:CD1	A:PRO:643:CG
0	vdw	A:ILE:706:CD1	A:PRO:643:CD
0	vdw	A:CYS:705:O	A:PRO:643:CD
0	vdw	A:SER:641:O	A:THR:704:CA
0	vdw	A:SER:641:O	A:THR:704:CG2
0	vdw	A:CYS:705:N	A:SER:641:O
0	vdw	A:ALA:642:N	A:SER:640:C
0	vdw	A:ALA:642:N	A:SER:640:O
0	vdw	A:ALA:642:O	A:ASN:697:CA
0	vdw	A:ALA:642:O	A:ASN:697:CB
0	vdw	A:ASN:697:ND2	A:TYR:703:O
0	vdw	A:ASN:697:CB	A:THR:704:CG2
0	vdw	A:ALA:642:N	A:ILE:639:O
0	vdw	A:ALA:642:O	A:TRP:698:CD1
0	vdw	A:HIS:700:CB	A:SER:641:CA
0	vdw	A:HIS:700:CB	A:TYR:703:O
0	vdw	A:ALA:642:O	A:ASN:697:C
0	vdw	A:ALA:642:O	A:TRP:698:N
0	vdw	A:HIS:700:CD2	A:SER:640:OG
0	vdw	A:HOH:936:O	A:SER:641:OG
0	vdw	A:HIS:700:CD2	A:HOH:936:O
0	vdw	A:HIS:700:CB	A:SER:640:C
0	vdw	A:HIS:700:CB	A:SER:640:OG
0	vdw	A:HIS:700:CB	A:SER:641:N
0	vdw	A:HOH:971:O	A:SER:640:OG
0	vdw	A:ILE:639:C	A:SER:641:N
0	vdw	A:ILE:639:O	A:SER:641:N
0	vdw	A:HOH:1029:O	A:HOH:951:O
0	vdw	A:PHE:649:CD2	A:THR:660:C
0	vdw	A:LEU:661:N	A:PHE:649:CD2
0	vdw	A:LEU:661:CA	A:PHE:649:CD2
0	vdw	A:LEU:661:CB	A:PHE:649:CE2
0	vdw	A:ILE:648:O	A:LEU:661:CA
0	vdw	A:ILE:648:O	A:LEU:661:C
0	vdw	A:GLY:663:N	A:LEU:661:C
0	vdw	A:ALA:647:CB	A:PHE:649:CE1
0	vdw	A:ALA:647:CB	A:LEU:661:CD1
0	vdw	A:ALA:647:CB	A:GLY:663:O
0	vdw	A:GLY:663:C	A:LEU:661:CD1
0	vdw	A:GLY:663:O	A:LEU:661:CD1
0	vdw	A:GLY:663:N	A:LEU:661:CD1
0	vdw	A:ARG:693:O	A:PHE:646:CA
0	vdw	A:ALA:647:N	A:ARG:693:O
0	vdw	A:ARG:693:O	A:PHE:646:C
0	vdw	A:ALA:647:CA	A:GLY:663:O
0	vdw	A:LEU:695:C	A:PRO:607:O
0	vdw	A:PRO:607:O	A:THR:696:N
0	vdw	A:PRO:607:O	A:THR:696:CA
0	vdw	A:PRO:607:O	A:THR:696:C
0	vdw	A:ASP:645:O	A:LEU:695:N
0	vdw	A:ASP:645:O	A:LEU:695:CA
0	vdw	A:ASP:645:O	A:THR:696:N
0	vdw	A:ILE:694:CG2	A:THR:696:O
0	vdw	A:GLN:608:NE2	A:LEU:695:O
0	vdw	A:LYS:644:CB	A:THR:696:C
0	vdw	A:LYS:644:N	A:THR:696:O
0	vdw	A:LYS:644:CA	A:THR:696:O
0	vdw	A:LYS:644:CB	A:THR:696:O
0	vdw	A:ASP:645:OD2	A:THR:696:CB
0	vdw	A:HOH:985:O	A:THR:696:CA
0	vdw	A:HOH:985:O	A:THR:696:CB
0	vdw	A:PRO:607:CA	A:THR:704:OG1
0	vdw	A:ASN:697:CG	A:PRO:607:CB
0	vdw	A:ASN:697:OD1	A:PRO:607:CB
0	vdw	A:HOH:904:O	A:PRO:607:CB
0	vdw	A:ASN:697:CB	A:THR:704:OG1
0	vdw	A:ASN:697:CG	A:THR:704:OG1
0	vdw	A:ASN:697:CG	A:HOH:904:O
0	vdw	A:ASN:697:OD1	A:GLY:699:CA
0	vdw	A:ASN:697:OD1	A:HOH:904:O
0	vdw	A:ASN:697:ND2	A:HIS:700:O
0	vdw	A:ASN:697:ND2	A:THR:704:OG1
0	vdw	A:GLY:699:CA	A:HOH:904:O
0	vdw	A:HIS:700:N	A:SER:640:O
0	vdw	A:HIS:700:CB	A:SER:640:O
0	vdw	A:HOH:985:O	A:PRO:607:CB
0	vdw	A:ASN:697:N	A:HOH:985:O
0	vdw	A:ASN:697:OD1	A:HOH:985:O
0	vdw	A:HOH:904:O	A:HOH:985:O
0	vdw	A:HOH:1021:O	A:HOH:904:O
0	vdw	A:SER:640:O	A:TRP:698:N
0	vdw	A:SER:640:O	A:TRP:698:CA
0	vdw	A:SER:640:O	A:TRP:698:C
0	vdw	A:SER:640:O	A:TRP:698:CB
0	vdw	A:GLY:699:N	A:SER:640:O
0	vdw	A:ASN:697:CG	A:GLY:699:N
0	vdw	A:ASN:697:OD1	A:GLY:699:N
0	vdw	A:ASN:697:CA	A:LYS:644:CB
0	vdw	A:GLY:699:C	A:PRO:701:N
0	vdw	A:GLY:699:O	A:PRO:701:N
0	vdw	A:GLY:699:O	A:PRO:701:CD
0	vdw	A:HIS:700:N	A:TRP:698:C
0	vdw	A:ASP:645:OD2	A:THR:696:CG2
0	vdw	A:ASN:697:O	A:HOH:985:O
0	vdw	A:ASP:542:N	A:HOH:997:O
0	vdw	A:ASP:542:CA	A:HOH:997:O
0	vdw	A:ASP:542:CB	A:HOH:997:O
0	vdw	A:HOH:1015:O	A:HOH:997:O
0	vdw	A:HOH:997:O	A:SER:540:O
0	vdw	A:HOH:1009:O	A:HOH:997:O
0	vdw	A:HOH:1027:O	A:HOH:921:O
0	vdw	A:HOH:949:O	A:TYR:549:CZ
0	vdw	A:PRO:715:CG	A:TYR:549:OH
0	vdw	A:HOH:949:O	A:TYR:549:OH
0	vdw	A:HOH:949:O	A:HOH:961:O
0	vdw	A:PRO:715:CD	A:TYR:549:OH
0	vdw	A:HOH:949:O	A:TYR:549:CE2
0	vdw	A:GLY:713:O	A:HOH:949:O
0	vdw	A:HOH:949:O	A:HOH:956:O
0	vdw	A:ASP:548:N	A:LEU:546:O
0	vdw	A:ALA:547:N	A:HOH:961:O
0	vdw	A:ALA:547:CA	A:HOH:961:O
0	vdw	A:ALA:547:CB	A:HOH:961:O
0	vdw	A:ALA:547:C	A:HIS:712:ND1
0	vdw	A:ALA:547:C	A:HOH:956:O
0	vdw	A:HOH:956:O	A:HOH:961:O
0	vdw	A:HOH:955:O	A:HOH:961:O
0	vdw	A:HOH:1026:O	A:HOH:961:O
0	vdw	A:HOH:943:O	A:LEU:546:O
0	vdw	A:ASP:542:CB	A:HOH:1015:O
0	vdw	A:ASP:542:CG	A:HOH:924:O
0	vdw	A:ASP:542:CG	A:HOH:1015:O
0	vdw	A:ASP:542:OD2	A:HOH:924:O
0	vdw	A:HOH:1015:O	A:HOH:924:O
0	vdw	A:ASP:542:N	A:HOH:1009:O
0	vdw	A:ASP:542:CA	A:HOH:1009:O
0	vdw	A:ASP:542:O	A:HOH:965:O
0	vdw	A:ASP:542:OD1	A:HOH:952:O
0	vdw	A:ASP:542:OD1	A:HOH:965:O
0	vdw	A:ARG:710:NH1	A:ASP:542:O
0	vdw	A:ARG:710:NH1	A:ASP:542:CG
0	vdw	A:ASP:542:CG	A:HOH:943:O
0	vdw	A:ARG:710:NH1	A:ASP:542:OD1
0	vdw	A:ARG:710:NH1	A:ASP:542:OD2
0	vdw	A:ASP:542:OD2	A:HOH:943:O
0	vdw	A:ASP:542:O	A:ILE:544:N
0	vdw	A:ARG:708:NH1	A:ASP:542:CG
0	vdw	A:ARG:708:NH1	A:ASP:542:OD1
0	vdw	A:ARG:708:NH1	A:ASP:542:OD2
0	vdw	A:ASP:542:O	A:ILE:544:CG1
0	vdw	A:ASP:542:N	A:SER:540:C
0	vdw	A:ASP:542:N	A:SER:540:O
0	vdw	A:HOH:1009:O	A:HOH:948:O
0	vdw	A:HOH:1023:O	A:HOH:948:O
0	vdw	A:HOH:952:O	A:HOH:965:O
0	vdw	A:HOH:952:O	A:HOH:996:O
0	vdw	A:HOH:1009:O	A:HOH:952:O
0	vdw	A:HOH:950:O	A:HOH:952:O
0	vdw	A:ARG:710:NH2	A:HOH:965:O
0	vdw	A:HOH:905:O	A:HOH:965:O
0	vdw	A:HOH:948:O	A:TYR:539:O
0	vdw	A:ARG:543:CB	A:HOH:965:O
0	vdw	A:ARG:543:CG	A:HOH:965:O
0	vdw	A:ASP:542:C	A:HOH:965:O
0	vdw	A:HOH:921:O	A:TYR:539:CE2
0	vdw	A:HOH:921:O	A:TYR:539:CZ
0	vdw	A:HOH:921:O	A:TYR:539:OH
0	vdw	A:ARG:620:N	A:GLU:714:O
0	vdw	A:GLY:713:O	A:TYR:549:CE2
0	vdw	A:HOH:956:O	A:TYR:549:CE2
0	vdw	A:GLY:713:N	A:HOH:956:O
0	vdw	A:GLY:713:O	A:HOH:956:O
0	vdw	A:ARG:620:O	A:GLY:713:CA
0	vdw	A:GLY:713:CA	A:THR:622:N
0	vdw	A:ARG:620:O	A:GLY:713:C
0	vdw	A:ARG:620:O	A:GLU:714:N
0	vdw	A:GLY:713:CA	A:THR:622:OG1
0	vdw	A:ALA:547:O	A:HIS:712:CG
0	vdw	A:ALA:547:O	A:HIS:712:ND1
0	vdw	A:ALA:547:O	A:HOH:956:O
0	vdw	A:ASP:548:CA	A:VAL:711:O
0	vdw	A:HIS:712:CA	A:HOH:956:O
0	vdw	A:HIS:712:C	A:HOH:956:O
0	vdw	A:HIS:712:CB	A:HOH:956:O
0	vdw	A:ALA:547:O	A:HIS:712:CE1
0	vdw	A:ALA:623:O	A:HIS:712:N
0	vdw	A:ALA:623:O	A:HIS:712:CA
0	vdw	A:ALA:623:O	A:HIS:712:CB
0	vdw	A:HIS:712:ND1	A:LEU:546:CB
0	vdw	A:HIS:712:CD2	A:LEU:546:CD1
0	vdw	A:HIS:712:CD2	A:THR:625:OG1
0	vdw	A:ASP:548:CB	A:HOH:943:O
0	vdw	A:ARG:710:NE	A:THR:625:CG2
0	vdw	A:ARG:710:CB	A:HIS:712:CE1
0	vdw	A:ARG:710:CD	A:HOH:943:O
0	vdw	A:ARG:710:NH1	A:HOH:943:O
0	vdw	A:HIS:712:CE1	A:HOH:943:O
0	vdw	A:HOH:932:O	A:THR:625:CG2
0	vdw	A:ARG:710:CG	A:HOH:932:O
0	vdw	A:ARG:708:NH1	A:ARG:710:NE
0	vdw	A:ARG:710:NE	A:HOH:932:O
0	vdw	A:ARG:708:NH1	A:ARG:710:CZ
0	vdw	A:ARG:710:CB	A:THR:625:CB
0	vdw	A:ARG:710:CG	A:THR:625:CB
0	vdw	A:ARG:710:CD	A:THR:625:CB
0	vdw	A:HIS:712:NE2	A:THR:625:CB
0	vdw	A:HIS:712:NE2	A:THR:625:OG1
0	vdw	A:ARG:710:NH1	A:ILE:544:CG1
0	vdw	A:ARG:710:NH1	A:ILE:544:CD1
0	vdw	A:HIS:712:CE1	A:ILE:544:CD1
0	vdw	A:HIS:712:NE2	A:ILE:544:CD1
0	vdw	A:ILE:674:CG2	A:THR:625:CG2
0	vdw	A:GLN:675:O	A:THR:625:CG2
0	vdw	A:ARG:710:CZ	A:HOH:965:O
0	vdw	A:GLU:627:CG	A:HOH:932:O
0	vdw	A:GLU:627:CD	A:HOH:905:O
0	vdw	A:GLU:627:CD	A:HOH:932:O
0	vdw	A:ARG:710:NH2	A:GLU:627:OE1
0	vdw	A:GLU:627:OE1	A:HOH:905:O
0	vdw	A:GLU:627:OE1	A:HOH:932:O
0	vdw	A:GLU:627:OE1	A:HOH:950:O
0	vdw	A:GLU:627:OE2	A:HOH:905:O
0	vdw	A:ARG:708:NH1	A:ARG:710:NH2
0	vdw	A:ARG:708:NH1	A:HOH:950:O
0	vdw	A:HOH:905:O	A:HOH:950:O
0	vdw	A:GLU:627:OE2	A:VAL:596:CG2
0	vdw	A:GLU:627:OE2	A:HOH:954:O
0	vdw	A:GLU:627:N	A:HOH:932:O
0	vdw	A:GLU:627:CB	A:HOH:932:O
0	vdw	A:GLU:627:OE2	A:ILE:674:CG1
0	vdw	A:HOH:923:O	A:VAL:596:CG2
0	vdw	A:HOH:923:O	A:PRO:630:CD
0	vdw	A:HOH:923:O	A:HOH:954:O
0	vdw	A:HOH:923:O	A:VAL:629:CA
0	vdw	A:HIS:628:C	A:HOH:954:O
0	vdw	A:HIS:628:O	A:HOH:954:O
0	vdw	A:HOH:989:O	A:LEU:633:O
0	vdw	A:LEU:633:N	A:PRO:630:O
0	vdw	A:LEU:633:N	A:LYS:631:O
0	vdw	A:LEU:633:CA	A:PRO:630:O
0	vdw	A:LEU:633:N	A:LYS:631:C
0	vdw	A:ARG:620:CG	A:THR:683:O
0	vdw	A:ARG:620:CD	A:MET:684:CA
0	vdw	A:ARG:620:NE	A:THR:683:O
0	vdw	A:ALA:685:N	A:THR:683:O
0	vdw	A:HOH:913:O	A:THR:683:O
0	vdw	A:ALA:685:N	A:THR:683:C
0	vdw	A:ALA:685:N	A:THR:683:CB
0	vdw	A:ALA:685:N	A:THR:683:OG1
0	vdw	A:ARG:620:NE	A:MET:684:CE
0	vdw	A:ARG:620:O	A:THR:622:N
0	vdw	A:HIS:712:O	A:PRO:621:CA
0	vdw	A:PHE:679:CE2	A:PRO:621:C
0	vdw	A:HIS:712:O	A:PRO:621:C
0	vdw	A:PHE:679:CE2	A:PRO:621:CB
0	vdw	A:HIS:712:O	A:THR:622:N
0	vdw	A:PHE:679:CD2	A:PRO:621:C
0	vdw	A:HOH:931:O	A:PRO:621:C
0	vdw	A:PHE:679:CD2	A:PRO:621:O
0	vdw	A:HOH:931:O	A:PRO:621:O
0	vdw	A:HOH:931:O	A:PRO:621:CD
0	vdw	A:PHE:679:CD2	A:THR:622:CA
0	vdw	A:ARG:620:O	A:THR:622:CG2
0	vdw	A:PHE:679:CE2	A:THR:622:C
0	vdw	A:ALA:623:N	A:PHE:679:CE2
0	vdw	A:ALA:623:N	A:HIS:712:O
0	vdw	A:ALA:623:O	A:HIS:712:O
0	vdw	A:ARG:710:O	A:VAL:624:CA
0	vdw	A:ARG:710:O	A:VAL:624:CB
0	vdw	A:ARG:710:O	A:VAL:624:CG1
0	vdw	A:PHE:679:CZ	A:VAL:624:CG1
0	vdw	A:ALA:623:CA	A:PHE:677:O
0	vdw	A:ALA:623:C	A:PHE:677:O
0	vdw	A:PHE:677:O	A:VAL:624:N
0	vdw	A:HOH:922:O	A:THR:622:C
0	vdw	A:ARG:710:O	A:VAL:624:C
0	vdw	A:ARG:710:O	A:THR:625:N
0	vdw	A:THR:676:CA	A:VAL:624:O
0	vdw	A:THR:676:C	A:VAL:624:O
0	vdw	A:THR:676:CG2	A:VAL:624:O
0	vdw	A:PHE:677:N	A:VAL:624:O
0	vdw	A:PHE:677:CA	A:VAL:624:O
0	vdw	A:GLN:675:O	A:THR:625:CA
0	vdw	A:GLN:675:O	A:THR:625:C
0	vdw	A:THR:625:OG1	A:THR:676:CB
0	vdw	A:THR:625:OG1	A:THR:676:OG1
0	vdw	A:THR:625:OG1	A:THR:676:CG2
0	vdw	A:GLN:675:O	A:LEU:626:N
0	vdw	A:PHE:677:O	A:VAL:624:O
0	vdw	A:ILE:544:CD1	A:THR:625:OG1
0	vdw	A:LEU:626:O	A:TYR:667:CE1
0	vdw	A:GLU:627:CA	A:PRO:673:O
0	vdw	A:GLU:627:C	A:PRO:673:O
0	vdw	A:GLU:627:CB	A:PRO:673:O
0	vdw	A:PRO:673:O	A:TYR:667:CE1
0	vdw	A:PRO:673:O	A:TYR:667:CZ
0	vdw	A:HIS:628:CB	A:TYR:667:CZ
0	vdw	A:HIS:628:N	A:PRO:673:O
0	vdw	A:PRO:673:O	A:TYR:667:OH
0	vdw	A:GLN:675:N	A:LEU:626:O
0	vdw	A:GLU:627:CB	A:ILE:674:CA
0	vdw	A:GLN:675:CD	A:TYR:667:CE1
0	vdw	A:GLN:675:NE2	A:TYR:667:CE1
0	vdw	A:GLN:675:NE2	A:TYR:667:CZ
0	vdw	A:GLN:675:O	A:LEU:626:O
0	vdw	A:GLU:627:CB	A:ILE:674:CG1
0	vdw	A:HIS:628:N	A:TYR:667:OH
0	vdw	A:HIS:628:O	A:PRO:630:N
0	vdw	A:HIS:628:CB	A:TYR:667:OH
0	vdw	A:HOH:941:O	A:VAL:629:C
0	vdw	A:HOH:941:O	A:VAL:629:O
0	vdw	A:HOH:941:O	A:TYR:667:OH
0	vdw	A:HIS:628:CD2	A:ILE:639:CG2
0	vdw	A:HOH:941:O	A:PRO:630:CA
0	vdw	A:ALA:642:CB	A:HIS:628:CG
0	vdw	A:ALA:642:CB	A:HIS:628:CD2
0	vdw	A:ALA:642:CB	A:HIS:628:NE2
0	vdw	A:HIS:628:O	A:PRO:673:CB
0	vdw	A:PRO:673:CA	A:TYR:667:OH
0	vdw	A:HOH:941:O	A:PRO:673:CA
0	vdw	A:HOH:941:O	A:HOH:980:O
0	vdw	A:HIS:628:CD2	A:ILE:639:CB
0	vdw	A:PRO:673:C	A:TYR:667:OH
0	vdw	A:SER:634:OG	A:VAL:629:CG1
0	vdw	A:PRO:630:O	A:SER:634:N
0	vdw	A:PRO:630:O	A:SER:634:OG
0	vdw	A:LYS:631:O	A:SER:634:N
0	vdw	A:LYS:631:O	A:SER:634:CA
0	vdw	A:LYS:631:O	A:SER:634:CB
0	vdw	A:ILE:639:CG2	A:SER:634:OG
0	vdw	A:LYS:631:O	A:SER:634:O
0	vdw	A:SER:634:CB	A:THR:638:O
0	vdw	A:SER:634:OG	A:THR:638:O
0	vdw	A:ALA:632:N	A:PRO:630:C
0	vdw	A:ALA:632:N	A:PRO:630:O
0	vdw	A:LYS:631:C	A:SER:634:N
0	vdw	A:HOH:951:O	A:SER:634:OG
0	vdw	A:LYS:631:O	A:SER:637:CA
0	vdw	A:HOH:980:O	A:PRO:630:CA
0	vdw	A:ALA:632:C	A:SER:634:N
0	vdw	A:ASN:636:N	A:SER:634:O
0	vdw	A:SER:634:O	A:SER:637:N
0	vdw	A:PRO:635:C	A:SER:637:N
0	vdw	A:ASN:636:N	A:HOH:935:O
0	vdw	A:PRO:635:O	A:SER:637:N
0	vdw	A:ASN:636:CA	A:HOH:935:O
0	vdw	A:SER:634:O	A:SER:637:CA
0	vdw	A:HOH:913:O	A:THR:683:C
0	vdw	A:HOH:901:O	A:THR:683:CB
0	vdw	A:HOH:913:O	A:THR:683:CB
0	vdw	A:HOH:901:O	A:THR:683:OG1
0	vdw	A:HOH:913:O	A:THR:683:OG1
0	vdw	A:HOH:901:O	A:THR:683:CG2
0	vdw	A:HOH:901:O	A:HOH:913:O
0	vdw	A:HOH:913:O	A:HOH:931:O
0	vdw	A:HOH:931:O	A:PRO:682:CB
0	vdw	A:LEU:662:O	A:PHE:679:CD1
0	vdw	A:LEU:662:CB	A:PHE:679:CE1
0	vdw	A:PHE:679:CD2	A:THR:622:C
0	vdw	A:ALA:623:N	A:PHE:679:CD2
0	vdw	A:PHE:679:CD2	A:THR:622:O
0	vdw	A:LEU:662:C	A:PHE:679:CD1
0	vdw	A:PHE:665:CE2	A:PHE:679:CD1
0	vdw	A:PHE:665:CE2	A:PHE:679:CE1
0	vdw	A:PHE:665:CZ	A:PHE:679:CD1
0	vdw	A:GLY:663:N	A:LEU:661:CG
0	vdw	A:GLY:663:C	A:PHE:665:CE2
0	vdw	A:HIS:678:O	A:PHE:665:CZ
0	vdw	A:GLY:663:CA	A:HOH:1000:O
0	vdw	A:PHE:646:CE1	A:PHE:665:CB
0	vdw	A:PHE:646:CE2	A:PHE:665:CD2
0	vdw	A:PHE:646:CZ	A:PHE:665:CB
0	vdw	A:PHE:646:CZ	A:PHE:677:CD2
0	vdw	A:PHE:646:CZ	A:PHE:677:CE2
0	vdw	A:LEU:626:CD2	A:PHE:646:CD1
0	vdw	A:LEU:626:CD2	A:PHE:646:CE1
0	vdw	A:PHE:646:CE1	A:TYR:667:N
0	vdw	A:LEU:626:CD2	A:PHE:646:CZ
0	vdw	A:PHE:646:CD1	A:PHE:665:O
0	vdw	A:PHE:665:CB	A:PHE:677:CD1
0	vdw	A:HOH:988:O	A:PHE:665:CB
0	vdw	A:PHE:665:CG	A:PHE:677:CB
0	vdw	A:PHE:665:CG	A:PHE:677:CG
0	vdw	A:PHE:665:CG	A:PHE:677:CD1
0	vdw	A:PHE:665:CD2	A:PHE:677:CB
0	vdw	A:LYS:644:O	A:PHE:646:CD1
0	vdw	A:GLN:675:O	A:PHE:677:CD2
0	vdw	A:GLN:675:C	A:PHE:677:CE2
0	vdw	A:GLN:675:O	A:PHE:677:CE2
0	vdw	A:GLN:675:CB	A:PHE:677:CE2
0	vdw	A:PRO:643:O	A:TYR:667:CB
0	vdw	A:PRO:643:O	A:TYR:667:CD2
0	vdw	A:PRO:643:C	A:TRP:698:CD1
0	vdw	A:PRO:643:O	A:TRP:698:CD1
0	vdw	A:PRO:643:O	A:TRP:698:NE1
0	vdw	A:TRP:698:NE1	A:TYR:667:O
0	vdw	A:LYS:644:O	A:TYR:667:N
0	vdw	A:GLN:675:OE1	A:TYR:667:CA
0	vdw	A:GLN:675:OE1	A:TYR:667:CD1
0	vdw	A:TRP:698:CE2	A:TYR:667:O
0	vdw	A:GLN:669:N	A:TYR:667:O
0	vdw	A:GLN:675:CD	A:TYR:667:CD1
0	vdw	A:TRP:698:CZ2	A:TYR:667:O
0	vdw	A:ALA:642:CA	A:ILE:639:O
0	vdw	A:ALA:642:CB	A:ILE:639:O
0	vdw	A:GLN:669:OE1	A:HOH:934:O
0	vdw	A:GLN:669:OE1	A:TRP:698:CE3
0	vdw	A:GLN:669:CB	A:TRP:698:CD1
0	vdw	A:GLN:669:CB	A:TRP:698:NE1
0	vdw	A:GLN:669:OE1	A:HOH:993:O
0	vdw	A:HOH:934:O	A:THR:638:CA
0	vdw	A:SER:640:N	A:THR:638:C
0	vdw	A:HOH:934:O	A:THR:638:C
0	vdw	A:HOH:971:O	A:THR:638:C
0	vdw	A:HOH:971:O	A:THR:638:O
0	vdw	A:HOH:934:O	A:ILE:639:N
0	vdw	A:HOH:934:O	A:ILE:639:CG1
0	vdw	A:HOH:971:O	A:SER:640:N
0	vdw	A:PRO:635:O	A:THR:638:N
0	vdw	A:ASN:636:C	A:THR:638:N
0	vdw	A:HOH:951:O	A:THR:638:O
0	vdw	A:HOH:971:O	A:THR:638:OG1
0	vdw	A:HOH:951:O	A:HOH:971:O
0	vdw	A:HOH:934:O	A:HOH:993:O
0	vdw	A:HOH:971:O	A:SER:640:CB
0	vdw	A:HOH:934:O	A:LYS:631:CE
0	vdw	A:ASN:636:O	A:THR:638:N
0	vdw	A:GLN:669:CD	A:HOH:934:O
0	vdw	A:PRO:635:O	A:THR:638:OG1
0	vdw	A:HOH:951:O	A:PRO:635:O
0	vdw	A:HOH:951:O	A:THR:638:OG1
0	vdw	A:ASN:636:O	A:THR:638:CG2
0	vdw	A:LYS:664:CA	A:PHE:646:O
0	vdw	A:HOH:1000:O	A:LYS:664:N
0	vdw	A:HOH:1000:O	A:LYS:664:O
0	vdw	A:PHE:646:N	A:PHE:665:O
0	vdw	A:LYS:664:C	A:PHE:646:O
0	vdw	A:LYS:664:CG	A:PHE:646:O
0	vdw	A:PHE:646:O	A:PHE:665:N
0	vdw	A:PHE:646:O	A:PHE:665:O
0	vdw	A:ASP:645:CA	A:PHE:665:O
0	vdw	A:ASP:645:C	A:PHE:665:O
0	vdw	A:HOH:988:O	A:PHE:665:CA
0	vdw	A:HOH:988:O	A:THR:666:N
0	vdw	A:LYS:644:O	A:THR:666:CA
0	vdw	A:LYS:644:CB	A:THR:696:OG1
0	vdw	A:LYS:644:CG	A:THR:696:OG1
0	vdw	A:ASP:645:N	A:THR:696:OG1
0	vdw	A:ASP:645:CA	A:THR:696:OG1
0	vdw	A:ASP:645:CB	A:THR:696:OG1
0	vdw	A:ASP:645:CG	A:THR:696:OG1
0	vdw	A:ASP:645:OD2	A:THR:696:OG1
0	vdw	A:ASN:697:C	A:LYS:644:CB
0	vdw	A:ASN:697:O	A:LYS:644:CB
0	vdw	A:LYS:644:CB	A:TRP:698:CE2
0	vdw	A:LYS:644:CG	A:TRP:698:CE2
0	vdw	A:LYS:644:CD	A:TRP:698:CD2
0	vdw	A:LYS:644:CD	A:TRP:698:CE2
0	vdw	A:LYS:644:CD	A:TRP:698:CE3
0	vdw	A:LYS:644:CG	A:THR:666:CG2
0	vdw	A:ASP:645:OD1	A:THR:666:CB
0	vdw	A:ASP:645:OD1	A:THR:666:OG1
0	vdw	A:ASP:645:OD1	A:THR:666:CG2
0	vdw	A:LYS:644:CD	A:TRP:698:CZ2
0	vdw	A:LYS:644:CD	A:TRP:698:CZ3
0	vdw	A:LYS:644:CD	A:TRP:698:CH2
0	vdw	A:LYS:644:CE	A:TRP:698:CH2
0	vdw	A:LYS:644:CA	A:TRP:698:CD1
0	vdw	A:LYS:644:CA	A:TRP:698:NE1
0	vdw	A:LYS:644:CB	A:TRP:698:CD1
0	vdw	A:LYS:644:CB	A:TRP:698:NE1
0	vdw	A:LYS:644:O	A:THR:666:C
0	vdw	A:ASN:697:C	A:GLY:699:N
0	vdw	A:ASN:697:O	A:GLY:699:N
0	vdw	A:SER:640:CB	A:TRP:698:O
0	vdw	A:HOH:993:O	A:TRP:698:O
0	vdw	A:GLN:669:CD	A:TRP:698:CD2
0	vdw	A:GLN:669:CD	A:TRP:698:CE3
0	vdw	A:SER:640:CA	A:TRP:698:O
0	vdw	A:GLN:669:CB	A:TRP:698:CG
0	vdw	A:GLN:669:CB	A:TRP:698:CD2
0	vdw	A:GLN:669:CG	A:TRP:698:CD2
0	vdw	A:GLN:669:N	A:TRP:698:CE2
0	vdw	A:GLN:669:CB	A:TRP:698:CE2
0	vdw	A:GLN:669:CG	A:TRP:698:CE2
0	vdw	A:GLN:669:CG	A:TRP:698:CE3
0	vdw	A:HOH:1013:O	A:HOH:975:O
0	vdw	A:GLU:541:OE1	A:HOH:975:O
0	vdw	A:HOH:1013:O	A:HOH:902:O
0	vdw	A:GLN:537:O	A:SER:540:OG
0	vdw	A:GLN:537:O	A:GLU:541:N
0	vdw	A:GLN:537:O	A:GLU:541:CG
0	vdw	A:GLN:537:O	A:HOH:968:O
0	vdw	A:HOH:968:O	A:SER:540:OG
0	vdw	A:GLU:541:CG	A:HOH:902:O
0	vdw	A:GLU:541:CD	A:HOH:902:O
0	vdw	A:GLU:541:OE1	A:HOH:902:O
0	vdw	A:HOH:902:O	A:HOH:968:O
0	vdw	A:GLN:537:O	A:SER:540:N
0	vdw	A:ARG:538:C	A:GLU:541:N
0	vdw	A:ARG:538:O	A:GLU:541:N
0	vdw	A:GLU:541:CD	A:HOH:981:O
0	vdw	A:GLU:541:OE1	A:HOH:981:O
0	vdw	A:GLN:537:CG	A:HOH:902:O
0	vdw	A:GLN:537:NE2	A:HOH:902:O
0	vdw	A:GLN:537:CG	A:HOH:968:O
0	vdw	A:GLN:537:O	A:TYR:539:N
0	vdw	A:GLU:541:N	A:TYR:539:C
0	vdw	A:GLU:541:N	A:TYR:539:O
0	vdw	A:LEU:536:O	A:SER:540:N
0	vdw	A:LEU:536:O	A:SER:540:CB
0	vdw	A:LEU:536:O	A:TYR:539:N
0	vdw	A:LEU:536:O	A:TYR:539:CA
0	vdw	A:LEU:536:O	A:TYR:539:CB
0	vdw	A:ARG:538:N	A:LEU:536:O
0	vdw	A:GLY:545:O	A:HOH:955:O
0	vdw	A:GLY:545:O	A:HOH:979:O
0	vdw	A:HOH:1026:O	A:HOH:955:O
0	vdw	A:ILE:544:C	A:LEU:546:N
0	vdw	A:HOH:1026:O	A:LEU:546:CD2
0	vdw	A:ILE:544:O	A:LEU:546:N
0	vdw	A:ARG:538:CZ	A:HOH:979:O
0	vdw	A:ARG:538:NH2	A:HOH:979:O
0	vdw	A:ARG:538:O	A:GLU:541:CA
0	vdw	A:ARG:538:O	A:GLU:541:CB
0	vdw	A:ARG:538:O	A:ARG:543:C
0	vdw	A:GLU:541:O	A:ILE:544:N
0	vdw	A:GLU:541:O	A:GLY:545:N
0	vdw	A:GLU:541:O	A:GLY:545:CA
0	vdw	A:ASP:542:C	A:ILE:544:N
0	vdw	A:ARG:543:N	A:GLU:541:C
0	vdw	A:ARG:543:N	A:GLU:541:O
0	vdw	A:ARG:543:C	A:HOH:926:O
0	vdw	A:ARG:543:O	A:HOH:926:O
0	vdw	A:ARG:538:NE	A:GLU:541:OE2
0	vdw	A:ARG:538:CG	A:ARG:543:O
0	vdw	A:ARG:538:CD	A:ARG:543:O
0	vdw	A:ARG:538:CD	A:ILE:544:C
0	vdw	A:ARG:538:C	A:SER:540:N
0	vdw	A:ARG:538:O	A:SER:540:N
0	vdw	A:HOH:926:O	A:TYR:539:CA
0	vdw	A:ARG:543:N	A:TYR:539:O
0	vdw	A:ARG:543:CA	A:TYR:539:O
0	vdw	A:ARG:543:CD	A:TYR:539:O
0	vdw	A:ARG:543:CD	A:TYR:539:CD1
0	vdw	A:ARG:543:NE	A:TYR:539:CD1
0	vdw	A:ARG:543:CA	A:HOH:926:O
0	vdw	A:ARG:543:NE	A:HOH:926:O
0	vdw	A:ARG:543:CD	A:TYR:539:CE1
0	vdw	A:ARG:543:CD	A:TYR:539:CZ
0	vdw	A:ARG:543:NE	A:TYR:539:CE1
0	vdw	A:ARG:543:CG	A:ILE:674:CD1
0	vdw	A:ALA:535:O	A:TYR:539:N
0	vdw	A:ALA:535:O	A:TYR:539:CA
0	vdw	A:ALA:535:O	A:TYR:539:CB
0	vdw	A:HOH:926:O	A:HOH:974:O
0	vdw	A:HOH:920:O	A:HOH:926:O
0	vdw	A:LEU:536:C	A:TYR:539:N
0	vdw	A:GLN:537:C	A:TYR:539:N
0	vdw	A:HOH:1028:O	A:LEU:546:CD2
0	vdw	A:ILE:544:O	A:LEU:546:CG
0	vdw	A:HOH:1028:O	A:HOH:966:O
0	vdw	A:HOH:1002:O	A:HOH:1028:O
0	vdw	A:HOH:966:O	A:ILE:544:O
0	vdw	A:HOH:1002:O	A:HOH:966:O
0	vdw	A:ARG:543:NH2	A:ILE:674:CD1
0	vdw	A:HOH:987:O	A:ILE:674:CB
0	vdw	A:HOH:987:O	A:ILE:674:CG1
0	vdw	A:ARG:543:NH1	A:HOH:911:O
0	vdw	A:ARG:543:NH2	A:HOH:994:O
0	vdw	A:HOH:911:O	A:HOH:987:O
0	vdw	A:HOH:987:O	A:HOH:994:O
0	vdw	A:HOH:987:O	A:ILE:674:N
0	vdw	A:ARG:543:CZ	A:HOH:920:O
0	vdw	A:ARG:543:NH1	A:HOH:920:O
0	vdw	A:HOH:987:O	A:PRO:673:N
0	vdw	A:HOH:987:O	A:PRO:673:CD
0	vdw	A:GLU:672:OE2	A:HOH:987:O
0	vdw	A:ARG:543:CZ	A:TYR:539:CE1
0	vdw	A:HOH:911:O	A:HOH:994:O
0	vdw	A:HOH:994:O	A:PRO:673:CB
0	vdw	A:HOH:994:O	A:PRO:673:CG
0	vdw	A:GLU:672:OE2	A:HOH:911:O
0	vdw	A:GLU:672:CD	A:HOH:911:O
0	vdw	A:ARG:620:CZ	A:MET:684:CE
0	vdw	A:ARG:620:NH2	A:MET:684:CE
0	vdw	A:HOH:922:O	A:THR:622:O
0	vdw	A:HOH:922:O	A:PHE:679:C
0	vdw	A:HOH:922:O	A:PHE:679:O
0	vdw	A:HOH:922:O	A:PRO:682:CG
0	vdw	A:HOH:922:O	A:PRO:682:CD
0	vdw	A:HOH:922:O	A:PHE:679:N
0	vdw	A:HIS:678:CA	A:THR:622:O
0	vdw	A:ALA:623:CB	A:PHE:677:O
0	vdw	A:ALA:623:CB	A:HIS:678:ND1
0	vdw	A:HIS:678:CD2	A:HOH:927:O
0	vdw	A:HIS:678:NE2	A:THR:676:CG2
0	vdw	A:PHE:679:N	A:THR:622:O
0	vdw	A:HIS:678:N	A:HOH:990:O
0	vdw	A:HIS:678:NE2	A:HOH:1002:O
0	vdw	A:HOH:927:O	A:THR:676:C
0	vdw	A:HOH:927:O	A:THR:676:O
0	vdw	A:GLU:672:O	A:ILE:674:N
0	vdw	A:GLN:675:CG	A:GLU:672:O
0	vdw	A:GLN:675:CD	A:GLU:672:O
0	vdw	A:GLN:675:NE2	A:GLU:672:O
0	vdw	A:GLU:672:C	A:ILE:674:N
0	vdw	A:ASP:668:N	A:GLN:675:CD
0	vdw	A:GLN:675:CD	A:HOH:933:O
0	vdw	A:GLU:672:CB	A:HOH:973:O
0	vdw	A:ASP:668:C	A:GLN:675:NE2
0	vdw	A:ASP:668:O	A:GLN:675:NE2
0	vdw	A:GLY:671:O	A:HOH:925:O
0	vdw	A:HOH:925:O	A:HOH:980:O
0	vdw	A:HOH:980:O	A:LYS:631:N
0	vdw	A:HOH:980:O	A:LYS:631:CG
0	vdw	A:GLN:669:C	A:HOH:925:O
0	vdw	A:GLN:669:O	A:HOH:925:O
0	vdw	A:ASP:670:CA	A:HOH:925:O
0	vdw	A:ASP:670:C	A:HOH:925:O
0	vdw	A:GLU:672:N	A:HOH:973:O
0	vdw	A:ALA:632:CA	A:HOH:918:O
0	vdw	A:HOH:1018:O	A:HOH:918:O
0	vdw	A:LYS:631:CG	A:SER:637:O
0	vdw	A:HOH:918:O	A:SER:637:CB
0	vdw	A:HOH:918:O	A:SER:637:OG
0	vdw	A:HOH:1006:O	A:SER:637:OG
0	vdw	A:HOH:1006:O	A:HOH:918:O
0	vdw	A:PHE:679:O	A:PRO:682:CD
0	vdw	A:HOH:963:O	A:PHE:679:O
0	vdw	A:GLN:680:C	A:PRO:682:N
0	vdw	A:GLN:680:C	A:PRO:682:CD
0	vdw	A:GLN:680:O	A:PRO:682:N
0	vdw	A:GLN:680:N	A:HIS:678:O
0	vdw	A:ALA:681:CB	A:HOH:910:O
0	vdw	A:HIS:678:O	A:PHE:665:CE1
0	vdw	A:PHE:665:CE1	A:PHE:677:CB
0	vdw	A:HOH:1030:O	A:HOH:990:O
0	vdw	A:HOH:990:O	A:PHE:677:CA
0	vdw	A:HOH:927:O	A:HOH:990:O
0	vdw	A:PHE:665:CD1	A:PHE:677:CB
0	vdw	A:PHE:665:CD1	A:PHE:677:CD1
0	vdw	A:PHE:677:CE1	A:THR:666:O
0	vdw	A:PHE:677:CZ	A:THR:666:O
0	vdw	A:GLN:675:OE1	A:PHE:677:CZ
0	vdw	A:GLN:675:CB	A:PHE:677:CZ
0	vdw	A:ASP:668:N	A:THR:666:O
0	vdw	A:ASP:668:N	A:GLN:675:OE1
0	vdw	A:ASP:668:CB	A:GLN:675:OE1
0	vdw	A:GLN:675:OE1	A:HOH:933:O
0	vdw	A:ASP:668:CG	A:ASP:670:N
0	vdw	A:ASP:668:CG	A:GLY:671:N
0	vdw	A:HOH:1017:O	A:HOH:933:O
0	vdw	A:ASP:668:CG	A:HOH:909:O
0	vdw	A:ASP:668:C	A:ASP:670:N
0	vdw	A:ASP:668:C	A:GLY:671:N
0	vdw	A:ASP:668:O	A:ASP:670:N
0	vdw	A:ASP:668:O	A:GLY:671:N
0	vdw	A:ASP:668:OD2	A:ASP:670:N
0	vdw	A:ASP:668:OD2	A:ASP:670:CA
0	vdw	A:ASP:668:OD2	A:ASP:670:CB
0	vdw	A:GLN:669:C	A:GLY:671:N
0	vdw	A:GLN:669:O	A:LYS:631:CE
0	vdw	A:GLN:669:O	A:LYS:631:NZ
0	vdw	A:ASP:670:OD1	A:LYS:631:NZ
0	vdw	A:ASP:668:OD2	A:HOH:909:O
0	vdw	A:GLN:669:N	A:TRP:698:CZ2
0	vdw	A:GLN:669:CG	A:TRP:698:CZ2
0	vdw	A:GLN:669:CG	A:TRP:698:CZ3
0	vdw	A:GLN:669:CG	A:TRP:698:CH2
0	vdw	A:GLY:671:CA	A:HOH:973:O
0	vdw	A:LYS:631:CD	A:SER:637:O
0	vdw	A:GLN:680:CG	A:HOH:910:O
0	vdw	A:HOH:1016:O	A:HOH:967:O
0	vdw	A:HOH:967:O	A:THR:666:OG1
0	vdw	A:GLN:669:CD	A:TRP:698:CZ3
0	vdw	A:HOH:909:O	A:TRP:698:CH2
0	vdw	A:HOH:995:O	A:LYS:533:CG
0	vdw	A:HOH:1010:O	A:LYS:533:CE
0	vdw	A:HOH:995:O	A:LYS:533:O
0	vdw	A:HOH:1010:O	A:HOH:999:O
0	vdw	A:GLN:534:O	A:GLN:537:CA
0	vdw	A:GLN:534:O	A:GLN:537:CB
0	vdw	A:ARG:538:N	A:GLN:534:O
0	vdw	A:GLN:534:C	A:LEU:536:N
0	vdw	A:GLN:534:C	A:GLN:537:N
0	vdw	A:GLN:534:O	A:LEU:536:N
0	vdw	A:GLN:534:O	A:GLN:537:N
0	vdw	A:GLN:537:CB	A:LYS:533:O
0	vdw	A:ARG:538:N	A:LEU:536:C
0	vdw	A:ARG:538:CB	A:GLN:534:O
0	vdw	A:ALA:535:O	A:ARG:538:N
0	vdw	A:ALA:535:N	A:VAL:532:O
0	vdw	A:LEU:536:N	A:VAL:532:O
0	vdw	A:LEU:536:CB	A:VAL:532:O
0	vdw	A:LEU:536:CG	A:VAL:532:O
0	vdw	A:ALA:535:N	A:LYS:533:C
0	vdw	A:ALA:535:N	A:LYS:533:O
0	vdw	A:LEU:536:N	A:LYS:533:O
0	vdw	A:GLN:537:N	A:LYS:533:O
0	vdw	A:ALA:535:C	A:GLN:537:N
0	vdw	A:ALA:535:CB	A:VAL:532:O
0	vdw	A:ALA:535:O	A:GLN:537:N
0	vdw	A:GLN:534:N	A:VAL:532:O
0	vdw	A:HIS:530:O	A:LYS:533:CA
0	vdw	A:ALA:535:N	A:ILE:531:O
0	vdw	A:ALA:535:N	A:HOH:938:O
0	vdw	A:HIS:529:O	A:LYS:533:CA
0	vdw	A:ARG:538:CG	A:HOH:974:O
0	vdw	A:ALA:535:O	A:HOH:974:O
0	vdw	A:ALA:535:CB	A:ILE:531:O
0	vdw	A:HOH:1017:O	A:HOH:973:O
0	vdw	A:GLN:680:CD	A:HOH:910:O
0	vdw	A:GLN:680:OE1	A:HOH:910:O
0	vdw	A:HIS:529:O	A:LYS:533:CB
0	vdw	A:HIS:529:O	A:HOH:999:O
0	vdw	A:HIS:529:C	A:ILE:531:N
0	vdw	A:HIS:529:O	A:ILE:531:N
0	vdw	A:HIS:529:O	A:VAL:532:N
0	vdw	A:HIS:529:O	A:VAL:532:CB
0	vdw	A:HIS:529:O	A:LYS:533:N
0	vdw	A:HIS:530:N	A:VAL:528:O
0	vdw	A:HIS:530:O	A:LYS:533:CB
0	vdw	A:GLU:526:O	A:HIS:529:CA
0	vdw	A:GLU:526:O	A:HIS:529:CB
0	vdw	A:GLU:525:O	A:HIS:529:CG
0	vdw	A:GLU:526:O	A:HIS:530:N
0	vdw	A:GLN:527:O	A:HIS:530:N
0	vdw	A:HIS:530:N	A:VAL:528:C
0	vdw	A:GLN:534:NE2	A:HIS:530:CE1
0	vdw	A:GLN:534:NE2	A:HIS:530:NE2
0	vdw	A:GLN:534:CB	A:HIS:530:O
0	vdw	A:GLN:534:CB	A:ILE:531:O
0	vdw	A:GLN:534:NE2	A:HOH:1004:O
0	vdw	A:GLN:534:CB	A:HOH:938:O
0	vdw	A:ILE:531:N	A:VAL:528:O
0	vdw	A:ILE:531:CA	A:VAL:528:O
0	vdw	A:ILE:531:CB	A:VAL:528:O
0	vdw	A:VAL:528:O	A:VAL:532:N
0	vdw	A:VAL:528:O	A:VAL:532:CB
0	vdw	A:HIS:530:C	A:VAL:532:N
0	vdw	A:HIS:530:O	A:VAL:532:N
0	vdw	A:HIS:530:O	A:LYS:533:N
0	vdw	A:GLN:534:N	A:HIS:530:O
0	vdw	A:ILE:531:C	A:LYS:533:N
0	vdw	A:ILE:531:O	A:LYS:533:N
0	vdw	A:GLN:534:N	A:ILE:531:O
0	vdw	A:GLN:534:N	A:VAL:532:C
0	vdw	A:VAL:528:O	A:VAL:532:CG2
0	vdw	A:HOH:938:O	A:ILE:531:C
0	vdw	A:HOH:938:O	A:ILE:531:O
0	vdw	A:GLN:527:O	A:HIS:530:CA
0	vdw	A:GLN:527:O	A:ILE:531:N
0	vdw	A:ILE:531:N	A:VAL:528:C
0	vdw	A:GLN:527:O	A:ILE:531:CB
0	vdw	A:GLN:527:N	A:GLU:525:C
0	vdw	A:GLN:527:N	A:GLU:525:O
0	vdw	A:GLU:525:O	A:HIS:529:N
0	vdw	A:GLU:526:C	A:HIS:529:N
0	vdw	A:GLU:526:O	A:HIS:529:N
0	vdw	A:GLU:525:C	A:HIS:529:ND1
0	vdw	A:GLU:525:O	A:HIS:529:ND1
0	vdw	A:GLU:525:O	A:HIS:529:CE1
0	vdw	A:GLU:525:O	A:VAL:528:N
0	vdw	A:GLU:526:N	A:THR:524:O
0	vdw	A:GLU:526:C	A:VAL:528:N
0	vdw	A:GLU:526:O	A:VAL:528:N
0	vdw	A:GLN:527:N	A:THR:524:O
0	vdw	A:GLN:527:C	A:HIS:529:N
0	vdw	A:GLN:527:O	A:HIS:529:N
0	vdw	A:GLU:526:N	A:THR:524:C
0	vdw	A:GLN:527:N	A:THR:524:C
0	vdw	A:GLN:527:N	A:THR:524:OG1
0	vdw	A:GLU:525:O	A:VAL:528:CB
0	vdw	A:GLN:527:OE1	A:HIS:530:CB
0	vdw	A:GLN:527:OE1	A:HIS:530:ND1
0	vdw	A:GLN:527:O	A:HIS:530:CB
0	vdw	A:GLN:527:CA	A:THR:524:O
0	vdw	A:GLN:527:CB	A:THR:524:O
0	vdw	A:THR:524:O	A:VAL:528:N
0	vdw	A:GLN:527:O	A:ILE:531:CG1
0	vdw	A:GLN:527:O	A:ILE:531:CD1
0	vdw	A:THR:524:O	A:VAL:528:CG2
0	vdw	A:GLN:527:CA	A:THR:524:OG1
0	vdw	A:GLN:527:CB	A:THR:524:OG1
0	vdw	A:VAL:523:CG2	A:VAL:528:CG2
