#	total_frames:101	interaction_types:sb,pc,ps,ts,vdw,hb,lhb,hbbb,hbsb,hbss,wb,wb2,hbls,hblb,lwb,lwb2,br
#	Columns:	residue_1,	residue_2	frame_count	contact_frequency
X:HIS:54	X:THR:152	0.881
X:PHE:36	X:THR:32	0.832
X:GLY:42	X:THR:41	0.703
X:LYS:49	X:SER:51	0.822
X:GLU:15	X:PRO:16	0.713
X:ASP:160	X:CYS:161	0.990
X:ALA:11	X:ALA:159	0.069
X:LEU:98	X:PHE:36	0.604
X:HIS:126	X:PHE:113	0.574
X:PHE:112	X:PHE:53	0.594
X:LYS:44	X:PHE:46	1.000
X:HIS:126	X:MET:100	0.990
X:CYS:115	X:PHE:113	0.673
X:GLY:124	X:PHE:88	0.881
X:PHE:22	X:VAL:132	0.673
X:ASP:27	X:LYS:28	0.980
X:GLY:80	X:ILE:78	0.931
X:ALA:33	X:PHE:36	0.861
X:ALA:11	X:GLU:15	0.970
X:ILE:56	X:THR:152	0.842
X:ALA:141	X:ASN:137	0.554
X:ILE:97	X:THR:93	0.495
X:GLY:96	X:MET:136	0.733
X:ALA:141	X:VAL:139	1.000
X:LEU:39	X:SER:110	0.733
X:ASN:108	X:THR:32	0.911
X:CYS:161	X:ILE:158	0.366
X:THR:68	X:THR:73	0.267
X:CYS:161	X:SER:40	1.000
X:SER:77	X:TYR:79	1.000
X:MET:100	X:SER:99	0.475
X:ASN:35	X:LEU:39	1.000
X:ARG:19	X:ASP:9	1.000
X:PHE:22	X:VAL:20	0.901
X:ARG:19	X:ASP:160	0.842
X:PHE:36	X:TYR:48	0.881
X:ILE:138	X:MET:136	1.000
X:CYS:161	X:PHE:8	0.673
X:ASN:87	X:LEU:90	0.990
X:HIS:54	X:HIS:70	0.267
X:ILE:114	X:VAL:139	0.406
X:ASN:3	X:ASP:27	1.000
X:ASN:3	X:GLU:165	0.881
X:LEU:24	X:PHE:129	0.941
X:GLU:143	X:THR:116	1.000
X:PRO:105	X:THR:107	0.901
X:GLY:50	X:ILE:158	0.911
X:ASN:108	X:LYS:82	1.000
X:ARG:55	X:GLY:150	0.980
X:MET:100	X:VAL:127	0.960
X:ALA:33	X:VAL:29	1.000
X:HIS:92	X:VAL:128	0.950
X:GLU:143	X:PHE:145	1.000
X:LEU:24	X:PRO:4	0.911
X:ILE:78	X:LYS:44	0.733
X:LYS:49	X:SER:40	0.653
X:ASP:13	X:LYS:154	0.436
X:GLN:163	X:PRO:4	0.733
X:LEU:98	X:VAL:128	0.772
X:ILE:78	X:LEU:39	0.257
X:PHE:145	X:SER:153	0.970
X:GLU:165	X:LYS:133	0.733
X:GLY:47	X:LEU:39	0.980
X:ASN:35	X:MET:100	0.158
X:SER:51	X:TYR:48	1.000
X:ASN:87	X:VAL:127	0.812
X:ASN:35	X:SER:77	1.000
X:ASN:102	X:VAL:127	0.792
X:PRO:95	X:VAL:132	0.495
X:GLU:143	X:VAL:139	0.980
X:ASN:3	X:THR:5	0.842
X:GLU:140	X:ILE:138	1.000
X:MET:136	X:VAL:139	0.960
X:GLY:18	X:ILE:10	0.851
X:ASN:108	X:THR:107	0.564
X:LEU:90	X:PHE:25	0.931
X:ALA:33	X:PRO:30	0.436
X:GLY:64	X:PHE:112	1.000
X:ARG:144	X:SER:153	0.683
X:GLU:43	X:GLY:45	0.990
X:GLU:34	X:PHE:36	0.990
X:PHE:129	X:SER:99	0.881
X:PHE:145	X:THR:152	0.980
X:GLU:81	X:GLY:75	0.980
X:LEU:98	X:PHE:112	0.634
X:CYS:52	X:HIS:70	0.812
X:ILE:158	X:TYR:48	0.743
X:LYS:91	X:THR:93	1.000
X:MET:61	X:THR:116	0.881
X:CYS:62	X:PHE:113	0.990
X:CYS:52	X:GLY:65	0.812
X:ASN:108	X:GLU:86	0.891
X:ALA:38	X:GLY:42	0.970
X:GLU:43	X:THR:41	1.000
X:GLY:14	X:VAL:12	1.000
X:GLN:63	X:MET:61	0.861
X:GLU:134	X:LYS:133	0.891
X:ASN:137	X:GLY:135	1.000
X:LYS:154	X:VAL:12	0.881
X:PHE:83	X:SER:77	0.733
X:ARG:55	X:ASN:149	0.960
X:ILE:10	X:ILE:158	0.109
X:LEU:17	X:VAL:12	0.762
X:GLY:59	X:PRO:58	0.218
X:LEU:122	X:LYS:125	0.941
X:GLY:72	X:GLY:74	0.347
X:ALA:159	X:THR:157	0.743
X:ILE:156	X:PHE:53	1.000
X:ILE:156	X:MET:142	0.545
X:GLU:120	X:LYS:118	0.960
X:SER:21	X:VAL:6	0.990
X:ALA:38	X:ASN:35	0.644
X:ASP:66	X:GLY:64	0.436
X:HIS:70	X:LYS:155	0.673
X:GLY:65	X:PHE:112	0.703
X:GLU:86	X:PRO:30	0.980
X:ASN:71	X:ASP:66	1.000
X:GLY:18	X:PHE:8	0.733
X:GLU:134	X:VAL:20	0.802
X:GLY:96	X:VAL:132	0.990
X:GLU:34	X:THR:32	1.000
X:LEU:164	X:THR:5	1.000
X:CYS:52	X:ILE:156	1.000
X:ASN:102	X:ASN:108	0.980
X:THR:116	X:VAL:139	0.257
X:GLY:94	X:THR:119	0.990
X:LYS:82	X:PRO:105	0.188
X:ASN:35	X:ILE:78	1.000
X:ASN:137	X:GLU:140	0.901
X:GLY:72	X:HIS:54	0.990
X:ASP:66	X:GLY:72	1.000
X:ALA:33	X:ASN:35	1.000
X:GLY:146	X:LYS:151	0.554
X:PHE:112	X:SER:99	0.960
X:GLU:34	X:GLU:43	0.960
X:ALA:101	X:GLY:109	1.000
X:GLY:59	X:LYS:118	0.465
X:GLU:34	X:PRO:30	0.990
X:GLY:94	X:LYS:118	0.337
X:ASP:85	X:GLU:86	0.455
X:GLY:47	X:PHE:67	0.812
X:GLY:109	X:SER:77	0.861
X:HIS:126	X:LEU:90	0.911
X:GLU:86	X:LYS:28	0.267
X:GLY:42	X:LYS:44	1.000
X:ASP:85	X:GLU:84	0.168
X:HIS:126	X:PHE:88	0.426
X:GLY:150	X:SER:147	1.000
X:PHE:113	X:SER:99	1.000
X:GLY:42	X:LEU:39	0.079
X:LYS:118	X:TRP:121	0.079
X:ALA:101	X:GLN:111	1.000
X:HIS:126	X:SER:99	0.752
X:ASN:106	X:PHE:83	0.842
X:GLU:134	X:SER:21	1.000
X:ALA:141	X:PHE:145	0.812
X:PHE:25	X:VAL:29	1.000
X:LEU:98	X:PHE:113	0.644
X:GLY:130	X:LEU:98	1.000
X:GLY:124	X:LEU:90	0.861
X:ASP:85	X:LYS:125	0.842
X:ILE:10	X:THR:157	0.990
X:ASP:123	X:TRP:121	0.990
X:PHE:8	X:TYR:48	0.366
X:MET:100	X:PHE:129	0.950
X:ALA:38	X:GLU:34	1.000
X:ASN:149	X:LYS:151	0.990
X:PHE:22	X:VAL:6	1.000
X:ILE:89	X:LYS:91	0.624
X:ASN:35	X:GLY:109	0.960
X:GLY:135	X:VAL:139	0.861
X:ASP:66	X:GLY:74	1.000
X:LEU:24	X:VAL:6	0.535
X:ASP:160	X:THR:41	0.347
X:PHE:112	X:SER:110	0.891
X:ARG:37	X:SER:40	0.990
X:ASP:123	X:LYS:91	0.960
X:ASN:106	X:GLU:84	0.941
X:LEU:90	X:PHE:88	0.950
X:ALA:26	X:PRO:30	0.911
X:GLU:81	X:THR:68	0.634
X:LYS:82	X:TYR:79	0.634
X:LYS:133	X:SER:21	1.000
X:ALA:117	X:PHE:60	0.594
X:ILE:158	X:PHE:53	0.713
X:PHE:60	X:THR:119	0.931
X:GLY:130	X:ILE:97	0.485
X:CYS:161	X:TYR:48	0.257
X:ASN:35	X:PHE:83	0.802
X:GLY:80	X:LYS:82	0.990
X:ALA:141	X:GLU:143	0.970
X:ASN:108	X:ASP:85	1.000
X:GLN:111	X:GLY:109	0.950
X:GLU:81	X:THR:73	0.693
X:ASP:66	X:HIS:54	0.743
X:ALA:117	X:CYS:115	0.980
X:GLN:163	X:VAL:2	0.129
X:ILE:97	X:LYS:91	0.069
X:CYS:62	X:ILE:114	1.000
X:PHE:60	X:TRP:121	0.277
X:ARG:55	X:GLN:63	1.000
X:MET:61	X:PHE:113	0.881
X:GLY:45	X:PHE:46	0.327
X:ILE:57	X:MET:61	1.000
X:GLY:50	X:TYR:48	0.960
X:ALA:26	X:LYS:28	0.980
X:ILE:138	X:MET:142	0.990
X:CYS:161	X:LYS:49	0.842
X:LYS:131	X:PHE:22	0.990
X:LEU:39	X:PHE:46	0.881
X:ALA:38	X:GLU:43	0.842
X:GLU:34	X:LYS:44	0.842
X:ASP:27	X:VAL:2	0.307
X:ALA:26	X:LEU:24	1.000
X:ILE:158	X:SER:51	1.000
X:ALA:26	X:ALA:33	0.861
X:ASN:35	X:LYS:31	0.970
X:ALA:117	X:GLY:94	0.960
X:GLU:23	X:LYS:131	1.000
X:GLY:74	X:THR:68	0.980
X:GLU:86	X:LYS:31	1.000
X:PHE:8	X:VAL:20	0.980
X:ARG:19	X:PHE:7	1.000
X:LYS:151	X:SER:147	1.000
X:GLY:50	X:HIS:70	0.614
X:GLN:111	X:GLN:63	0.911
X:ARG:55	X:ILE:57	0.564
X:GLN:63	X:PHE:112	1.000
X:ASN:87	X:ASP:27	0.089
X:ARG:144	X:GLU:140	1.000
X:GLU:23	X:VAL:2	0.208
X:ASN:71	X:THR:73	1.000
X:ARG:144	X:MET:142	1.000
X:ARG:37	X:THR:41	1.000
X:GLY:150	X:ILE:56	0.941
X:GLU:43	X:GLY:42	0.485
X:GLU:120	X:LEU:122	1.000
X:ASP:13	X:LYS:155	0.990
X:PRO:95	X:THR:93	0.733
X:CYS:161	X:THR:41	0.545
X:ASP:13	X:SER:153	0.030
X:LYS:31	X:PHE:83	0.257
X:GLY:104	X:THR:107	1.000
X:GLU:165	X:VAL:2	0.396
X:LYS:28	X:PHE:25	0.980
X:GLN:163	X:GLU:165	1.000
X:ASN:149	X:SER:147	1.000
X:LEU:24	X:PHE:36	0.653
X:GLU:15	X:VAL:12	1.000
X:HIS:126	X:LEU:122	0.960
X:ILE:156	X:ILE:56	0.396
X:ASP:66	X:SER:51	0.802
X:GLU:140	X:MET:136	0.950
X:LYS:154	X:THR:152	0.980
X:GLU:143	X:PRO:58	0.891
X:ARG:148	X:PRO:58	0.624
X:LEU:39	X:SER:40	0.594
X:GLY:162	X:VAL:6	0.990
X:GLU:43	X:LYS:44	0.941
X:SER:99	X:VAL:127	0.970
X:PHE:112	X:PHE:8	0.792
X:ARG:19	X:ILE:138	0.198
X:LYS:28	X:PRO:30	0.891
X:GLU:15	X:GLY:14	0.713
X:GLU:165	X:PRO:4	0.693
X:ARG:19	X:SER:21	0.505
X:GLY:124	X:LEU:122	0.891
X:PHE:22	X:THR:5	0.941
X:ASN:87	X:VAL:29	0.960
X:GLY:135	X:MET:136	0.941
X:LYS:76	X:SER:77	0.446
X:GLU:84	X:LYS:31	1.000
X:ALA:26	X:PRO:4	0.743
X:GLY:162	X:PHE:7	1.000
X:PHE:88	X:VAL:127	0.762
X:LYS:49	X:THR:41	0.535
X:CYS:115	X:ILE:97	1.000
X:GLN:163	X:THR:5	0.941
X:PHE:129	X:PHE:36	1.000
X:HIS:92	X:THR:119	0.406
X:ASN:106	X:ASP:85	1.000
X:MET:136	X:VAL:132	0.693
X:CYS:115	X:PHE:60	0.228
X:ARG:69	X:ASN:71	1.000
X:ILE:114	X:MET:61	0.970
X:GLY:65	X:TYR:48	0.792
X:GLY:94	X:ILE:97	0.911
X:ALA:38	X:LYS:44	1.000
X:ILE:158	X:PHE:8	0.881
X:LEU:39	X:LYS:49	0.604
X:ARG:37	X:GLN:163	0.990
X:ASN:106	X:LYS:82	0.554
X:CYS:115	X:THR:119	0.050
X:ASN:87	X:VAL:128	0.960
X:ALA:141	X:LEU:17	0.089
X:HIS:92	X:LYS:118	0.416
X:ASP:85	X:THR:107	1.000
X:ASN:87	X:ASP:85	0.772
X:GLY:42	X:SER:40	0.851
X:ILE:156	X:LYS:154	0.941
X:CYS:161	X:GLN:163	0.129
X:VAL:139	X:VAL:20	0.545
X:LYS:76	X:SER:110	1.000
X:ILE:97	X:VAL:128	0.911
X:ASP:160	X:ASP:9	1.000
X:SER:110	X:TYR:48	0.980
X:GLN:63	X:PHE:113	0.713
X:ILE:97	X:PRO:95	0.881
X:GLY:96	X:LYS:131	0.911
X:GLY:146	X:ILE:56	0.911
X:LEU:98	X:PHE:129	1.000
X:ASN:3	X:LEU:24	0.990
X:SER:51	X:THR:157	0.772
X:PHE:60	X:THR:116	0.990
X:PHE:129	X:VAL:29	0.950
X:CYS:52	X:HIS:54	0.931
X:ASP:160	X:LYS:49	1.000
X:HIS:54	X:SER:51	0.119
X:LEU:39	X:THR:41	0.911
X:PHE:67	X:SER:110	0.931
X:HIS:92	X:SER:99	0.990
X:ASN:108	X:VAL:127	0.802
X:ASN:106	X:THR:107	0.376
X:GLN:63	X:PHE:53	1.000
X:GLY:75	X:THR:68	1.000
X:PHE:129	X:THR:32	0.802
X:GLY:130	X:PHE:25	0.802
X:ASP:123	X:HIS:92	1.000
X:ASP:85	X:GLY:104	0.881
X:GLU:34	X:ILE:78	0.158
X:ARG:37	X:GLU:43	1.000
X:ASN:87	X:LYS:28	0.990
X:PHE:129	X:PHE:25	1.000
X:LYS:76	X:PHE:67	0.842
X:CYS:115	X:GLY:96	1.000
X:PRO:58	X:SER:147	0.990
X:THR:5	X:VAL:2	0.020
X:ILE:138	X:VAL:20	0.663
X:GLY:42	X:GLY:45	1.000
X:ILE:57	X:PHE:60	0.980
X:ILE:10	X:ILE:156	0.871
X:GLY:64	X:PHE:53	0.604
X:PHE:67	X:SER:51	0.168
X:GLY:75	X:THR:73	0.337
X:LYS:31	X:VAL:29	0.990
X:GLY:94	X:GLY:96	0.238
X:GLU:165	X:LEU:164	0.842
X:ALA:33	X:LYS:31	1.000
X:GLU:140	X:GLU:143	0.970
X:ASN:3	X:VAL:2	0.703
X:ASP:85	X:PHE:88	0.851
X:ASN:106	X:PRO:105	0.673
X:GLN:111	X:GLY:64	0.970
X:ASN:106	X:GLY:104	0.703
X:GLY:65	X:HIS:54	0.277
X:ASN:87	X:GLU:86	0.891
X:ILE:10	X:PRO:16	0.218
X:ALA:117	X:THR:119	0.970
X:PHE:60	X:PRO:58	0.881
X:ILE:56	X:SER:147	0.921
X:ASP:123	X:LYS:125	0.931
X:ARG:55	X:CYS:62	0.564
X:ASP:66	X:CYS:52	0.970
X:GLU:143	X:GLY:59	1.000
X:GLU:23	X:GLY:130	1.000
X:CYS:52	X:SER:51	0.743
X:ARG:69	X:GLU:81	0.257
X:GLY:45	X:LYS:76	0.297
X:GLN:111	X:GLY:72	0.970
X:GLY:74	X:SER:110	0.624
X:ASN:102	X:GLY:104	1.000
X:GLY:146	X:SER:153	0.574
X:GLY:124	X:HIS:126	0.921
X:ASP:85	X:VAL:127	0.921
X:LYS:91	X:VAL:128	0.158
X:ILE:10	X:PHE:53	0.802
X:ILE:114	X:LEU:98	0.406
X:ARG:19	X:PHE:8	0.752
X:ASP:27	X:GLU:23	0.376
X:ILE:10	X:LEU:17	1.000
X:ILE:10	X:MET:142	0.703
X:ASN:102	X:LYS:125	1.000
X:ALA:38	X:PHE:46	0.990
X:ARG:19	X:GLU:134	0.277
X:LYS:154	X:PHE:53	0.188
X:ASN:137	X:VAL:139	0.881
X:PHE:36	X:SER:40	1.000
X:GLY:47	X:LYS:49	1.000
X:ALA:101	X:PHE:113	0.376
X:GLU:143	X:GLY:146	0.653
X:ALA:11	X:THR:157	1.000
X:GLN:163	X:THR:41	0.178
X:LYS:133	X:THR:5	0.970
X:GLY:65	X:SER:110	1.000
X:ARG:69	X:ASP:66	1.000
X:LYS:151	X:THR:152	0.297
X:ARG:37	X:ASN:35	1.000
X:ARG:37	X:LEU:39	1.000
X:CYS:161	X:PHE:7	1.000
X:ALA:159	X:ASP:9	1.000
X:ASN:102	X:HIS:126	0.990
X:GLU:81	X:THR:107	0.495
X:GLN:111	X:GLY:74	1.000
X:ALA:141	X:ARG:144	0.980
X:HIS:126	X:VAL:128	0.861
X:HIS:92	X:LEU:122	0.960
X:LYS:131	X:PHE:25	0.743
X:ALA:159	X:LYS:49	0.802
X:GLY:65	X:SER:51	0.812
X:PHE:53	X:THR:152	0.960
X:GLY:162	X:SER:40	0.733
X:ARG:37	X:PRO:4	0.030
X:LEU:122	X:THR:119	0.970
X:ALA:103	X:THR:107	1.000
X:ASP:9	X:ILE:158	0.634
X:GLU:84	X:GLU:86	1.000
X:ALA:38	X:SER:40	1.000
X:CYS:115	X:PRO:95	0.792
X:GLY:124	X:VAL:128	0.545
X:GLY:65	X:PHE:67	0.554
X:LEU:39	X:TYR:48	1.000
X:ASN:87	X:ILE:89	0.970
X:GLN:111	X:HIS:54	0.723
X:MET:100	X:THR:32	0.287
X:ARG:55	X:PHE:53	0.980
X:LEU:90	X:VAL:128	1.000
X:GLY:135	X:ILE:138	1.000
X:THR:119	X:TRP:121	1.000
X:ASN:108	X:PHE:83	1.000
X:GLU:140	X:MET:142	0.950
X:LEU:122	X:TRP:121	0.238
X:GLN:111	X:MET:100	0.941
X:ALA:141	X:ILE:138	0.941
X:PRO:30	X:TYR:79	0.158
X:ASP:66	X:THR:68	1.000
X:ASP:9	X:PHE:7	0.465
X:ARG:144	X:GLY:146	0.990
X:LEU:164	X:SER:21	0.644
X:ARG:37	X:GLU:34	1.000
X:ALA:26	X:ASN:3	0.931
X:GLU:86	X:VAL:29	1.000
X:GLY:96	X:ILE:97	0.614
X:PHE:7	X:VAL:20	0.980
X:ASP:66	X:THR:73	1.000
X:GLY:80	X:SER:77	1.000
X:ASN:108	X:GLU:84	0.990
X:ASN:35	X:THR:32	0.832
X:PHE:46	X:PHE:67	0.683
X:HIS:126	X:HIS:92	0.782
X:GLN:63	X:HIS:54	1.000
X:ASN:102	X:ASP:85	0.990
X:GLU:86	X:THR:32	1.000
X:GLU:134	X:VAL:132	0.792
X:MET:142	X:PHE:145	0.950
X:GLN:111	X:SER:110	0.950
X:ASP:123	X:GLU:120	0.990
X:ARG:148	X:GLY:150	0.950
X:PRO:30	X:THR:32	1.000
X:LYS:131	X:LYS:133	0.693
X:ASP:27	X:VAL:29	0.356
X:GLY:75	X:SER:110	1.000
X:GLY:94	X:HIS:92	0.941
X:ARG:144	X:ASN:137	0.554
X:SER:21	X:VAL:132	0.673
X:LYS:91	X:PHE:88	0.297
X:ASP:160	X:ILE:158	0.871
X:ALA:38	X:THR:41	0.980
X:MET:142	X:VAL:139	0.832
X:LYS:31	X:TYR:79	1.000
X:GLY:42	X:LYS:49	0.020
X:ASP:160	X:PHE:8	0.782
X:HIS:70	X:PHE:67	0.980
X:ASP:27	X:PHE:25	1.000
X:GLU:165	X:THR:5	0.960
X:ARG:69	X:THR:68	0.485
X:LEU:122	X:PHE:113	0.238
X:LYS:76	X:PHE:46	0.990
X:ALA:117	X:PRO:95	0.356
X:ASP:13	X:GLU:15	0.574
X:ASP:66	X:HIS:70	1.000
X:ASN:71	X:HIS:54	0.911
X:ASP:160	X:PHE:7	0.347
X:ASP:66	X:GLY:65	0.426
X:ASN:3	X:GLU:23	1.000
X:ALA:33	X:ARG:37	1.000
X:LYS:125	X:TRP:121	0.683
X:PHE:112	X:PHE:36	0.792
X:LYS:118	X:THR:93	0.426
X:ARG:69	X:THR:73	0.990
X:ILE:114	X:PHE:22	0.505
X:GLY:50	X:SER:51	0.248
X:GLY:59	X:ILE:57	0.871
X:LYS:155	X:VAL:12	0.653
X:ALA:38	X:PHE:36	0.980
X:ILE:156	X:PHE:145	0.762
X:GLY:50	X:LYS:155	0.634
X:GLU:84	X:THR:32	0.950
X:ILE:156	X:THR:152	0.762
X:GLY:14	X:THR:157	0.030
X:ARG:148	X:ASN:149	0.525
X:ILE:114	X:THR:116	0.703
X:LEU:98	X:PHE:22	0.327
X:ARG:37	X:VAL:6	0.010
X:ALA:11	X:ILE:156	0.832
X:GLY:72	X:THR:73	0.069
X:LYS:155	X:THR:157	0.881
X:GLY:14	X:LYS:155	0.010
X:PHE:112	X:TYR:48	0.574
X:GLY:146	X:PRO:58	0.307
X:ILE:78	X:SER:77	0.277
X:ILE:89	X:VAL:128	0.287
X:ASN:71	X:HIS:70	0.297
X:CYS:62	X:PHE:53	0.317
X:ALA:33	X:LEU:24	0.525
X:ILE:158	X:LYS:49	0.129
X:ASP:123	X:LEU:122	0.168
X:VAL:132	X:VAL:20	0.366
X:ASP:160	X:SER:40	0.337
X:LYS:133	X:VAL:132	0.347
X:ILE:97	X:LEU:98	0.218
X:ILE:57	X:SER:147	0.307
X:ARG:144	X:GLU:143	0.614
X:LYS:125	X:THR:107	0.129
X:ILE:89	X:LYS:28	0.050
X:ILE:114	X:PHE:53	0.416
X:ILE:114	X:MET:142	0.228
X:PHE:22	X:PHE:8	0.851
X:GLU:81	X:LYS:76	0.396
X:GLN:163	X:VAL:6	0.386
X:GLU:15	X:LYS:154	0.188
X:PHE:67	X:TYR:48	0.376
X:GLU:23	X:LYS:133	0.931
X:THR:32	X:VAL:29	0.406
X:CYS:52	X:GLY:64	0.139
X:GLU:23	X:PRO:4	0.465
X:HIS:54	X:LYS:151	0.050
X:ARG:148	X:ARG:55	0.218
X:SER:40	X:TYR:48	0.376
X:ALA:117	X:GLY:59	0.812
X:GLY:109	X:PHE:83	0.347
X:GLY:104	X:LYS:125	0.198
X:GLY:59	X:PHE:60	0.208
X:ALA:141	X:MET:142	0.059
X:ARG:148	X:ILE:57	0.188
X:ASN:108	X:MET:100	0.891
X:GLY:64	X:HIS:54	0.743
X:LYS:131	X:VAL:132	0.475
X:SER:110	X:THR:107	0.545
X:PRO:4	X:THR:5	0.079
X:ASN:102	X:THR:107	0.871
X:ASP:66	X:GLY:75	0.218
X:GLU:134	X:MET:136	0.891
X:PRO:95	X:THR:116	0.713
X:ARG:19	X:ASN:137	0.475
X:ASN:106	X:LYS:125	0.059
X:ILE:156	X:VAL:12	0.406
X:ILE:89	X:LEU:90	0.386
X:GLU:84	X:LYS:82	0.574
X:LYS:31	X:LYS:82	0.614
X:GLY:130	X:LEU:24	0.109
X:GLN:111	X:THR:107	0.594
X:LEU:39	X:LYS:76	0.188
X:PHE:36	X:PHE:8	0.921
X:PHE:36	X:VAL:6	0.267
X:LEU:164	X:PHE:7	0.713
X:GLN:63	X:GLY:72	0.465
X:ASN:137	X:GLU:134	0.911
X:GLY:135	X:VAL:20	0.693
X:CYS:161	X:LEU:39	0.228
X:GLU:165	X:GLU:23	0.248
X:GLY:150	X:ILE:57	0.703
X:CYS:62	X:ILE:56	0.663
X:GLY:59	X:THR:116	0.317
X:GLN:163	X:GLU:34	0.030
X:ILE:56	X:MET:61	0.723
X:PHE:145	X:VAL:12	0.614
X:GLU:23	X:THR:5	0.386
X:GLY:162	X:THR:41	0.109
X:ASN:137	X:MET:136	0.554
X:PHE:83	X:TYR:79	0.782
X:PHE:7	X:SER:21	0.030
X:CYS:62	X:THR:116	0.594
X:PHE:83	X:THR:32	0.495
X:ASP:9	X:ILE:10	0.535
X:ILE:114	X:ILE:97	0.733
X:ARG:69	X:GLY:74	0.426
X:GLY:50	X:THR:157	0.178
X:PHE:113	X:PHE:60	0.050
X:CYS:62	X:MET:142	0.574
X:GLY:45	X:LYS:44	0.317
X:ALA:26	X:ASP:27	0.238
X:ILE:10	X:PHE:8	0.465
X:LEU:90	X:LYS:28	0.584
X:ASP:13	X:VAL:12	0.396
X:ASP:13	X:GLY:14	0.604
X:ASP:9	X:GLY:18	0.604
X:GLY:109	X:MET:100	0.158
X:ASP:85	X:PRO:105	0.693
X:ASN:102	X:GLN:111	0.446
X:GLU:81	X:LYS:82	0.653
X:ILE:138	X:LEU:17	0.782
X:MET:136	X:PRO:95	0.287
X:LYS:154	X:SER:153	0.287
X:ALA:38	X:ILE:78	0.644
X:LEU:122	X:PHE:60	0.079
X:LYS:154	X:PHE:145	0.297
X:VAL:127	X:VAL:29	0.040
X:LYS:82	X:THR:107	0.168
X:HIS:54	X:PHE:53	0.030
X:LEU:24	X:LEU:98	0.416
X:ASN:3	X:LYS:133	0.604
X:GLY:80	X:LYS:76	0.317
X:GLY:150	X:THR:152	0.406
X:ASP:9	X:LEU:17	0.248
X:ILE:158	X:THR:157	0.198
X:ALA:101	X:GLN:63	0.366
X:LEU:39	X:PHE:36	0.604
X:ALA:11	X:ASP:13	0.881
X:LYS:49	X:TYR:48	0.178
X:GLY:18	X:LEU:17	0.356
X:LYS:133	X:PHE:22	0.099
X:LEU:17	X:MET:142	0.634
X:GLY:14	X:LYS:154	0.178
X:GLY:45	X:GLY:47	0.178
X:ARG:55	X:HIS:54	0.574
X:GLY:96	X:LEU:98	0.386
X:ASN:35	X:TYR:79	0.584
X:ALA:38	X:GLY:45	0.059
X:SER:40	X:VAL:6	0.119
X:GLU:81	X:SER:77	0.248
X:ILE:56	X:PHE:145	0.089
X:GLY:109	X:SER:110	0.485
X:THR:32	X:VAL:127	0.079
X:ARG:37	X:LYS:44	0.267
X:PHE:83	X:THR:107	0.149
X:LEU:39	X:PHE:67	0.574
X:ALA:101	X:SER:110	0.564
X:GLY:14	X:ILE:10	0.059
X:PHE:7	X:SER:40	0.554
X:ILE:10	X:VAL:12	0.010
X:ASN:108	X:GLY:104	0.436
X:CYS:115	X:HIS:92	0.376
X:GLN:163	X:LEU:164	0.238
X:ILE:56	X:MET:142	0.475
X:GLY:94	X:THR:93	0.297
X:GLY:18	X:VAL:20	0.198
X:ALA:26	X:VAL:29	0.337
X:CYS:115	X:SER:99	0.277
X:MET:142	X:VAL:20	0.010
X:ASP:13	X:THR:157	0.762
X:GLY:74	X:THR:73	0.208
X:PHE:53	X:PHE:8	0.069
X:ASN:137	X:ILE:138	0.238
X:HIS:126	X:TRP:121	0.089
X:HIS:70	X:THR:68	0.327
X:GLU:143	X:ILE:56	0.723
X:GLU:140	X:VAL:139	0.119
X:GLN:111	X:THR:73	0.356
X:ASN:102	X:GLN:63	0.515
X:LYS:125	X:PHE:88	0.386
X:GLY:47	X:HIS:70	0.139
X:ARG:69	X:HIS:70	0.119
X:GLU:81	X:GLY:74	0.406
X:ASN:106	X:ASN:108	0.426
X:GLN:163	X:GLU:43	0.040
X:CYS:52	X:THR:157	0.248
X:GLY:124	X:LYS:125	0.693
X:ALA:159	X:ILE:10	0.020
X:CYS:52	X:LYS:155	0.426
X:ASP:66	X:GLY:50	0.020
X:ASN:137	X:LEU:17	0.139
X:SER:40	X:THR:41	0.406
X:PHE:67	X:THR:68	0.109
X:ALA:11	X:GLY:14	0.149
X:GLN:111	X:GLY:65	0.614
X:CYS:52	X:GLY:50	0.050
X:GLY:42	X:PHE:46	0.525
X:ASN:3	X:PHE:25	0.426
X:CYS:115	X:LEU:122	0.050
X:ASN:71	X:GLY:72	0.267
X:GLY:74	X:THR:107	0.139
X:GLU:120	X:TRP:121	0.218
X:MET:100	X:PHE:112	0.198
X:ALA:101	X:PHE:112	0.089
X:ASN:149	X:HIS:54	0.059
X:ASN:102	X:GLY:72	0.119
X:GLY:42	X:GLY:47	0.139
X:ALA:117	X:THR:116	0.267
X:PHE:8	X:SER:40	0.109
X:LYS:133	X:MET:136	0.257
X:ASP:123	X:LEU:90	0.554
X:MET:142	X:PHE:53	0.515
X:GLU:34	X:TYR:79	0.188
X:HIS:70	X:SER:51	0.129
X:GLY:74	X:GLY:75	0.277
X:LYS:44	X:TYR:79	0.020
X:GLY:47	X:SER:40	0.030
X:LYS:118	X:PRO:95	0.030
X:ASP:85	X:GLY:124	0.604
X:HIS:126	X:LYS:91	0.030
X:HIS:70	X:LYS:49	0.139
X:GLY:109	X:LYS:76	0.208
X:GLY:135	X:LYS:133	0.248
X:LEU:164	X:LYS:133	0.109
X:ASP:123	X:HIS:126	0.366
X:GLY:47	X:THR:41	0.040
X:PHE:7	X:PHE:8	0.010
X:PHE:129	X:VAL:127	0.099
X:ILE:78	X:TYR:79	0.327
X:LEU:90	X:LYS:91	0.030
X:GLN:163	X:PHE:7	0.347
X:ASN:87	X:PHE:88	0.030
X:GLY:45	X:PHE:67	0.010
X:GLY:109	X:THR:107	0.465
X:ARG:69	X:PHE:67	0.069
X:GLN:111	X:GLY:75	0.208
X:LEU:17	X:PHE:145	0.238
X:ALA:11	X:LYS:155	0.406
X:ALA:141	X:GLU:140	0.040
X:GLY:80	X:TYR:79	0.208
X:CYS:115	X:GLY:94	0.059
X:GLU:81	X:TYR:79	0.178
X:ASN:3	X:LYS:131	0.129
X:SER:153	X:THR:152	0.327
X:ILE:89	X:PHE:88	0.277
X:ARG:144	X:LYS:154	0.020
X:GLU:134	X:GLY:135	0.891
X:PHE:88	X:VAL:128	0.069
X:ALA:101	X:SER:99	0.010
X:PHE:46	X:SER:77	0.297
X:LYS:155	X:THR:152	0.139
X:LYS:76	X:THR:68	0.139
X:ALA:101	X:GLY:75	0.010
X:GLU:143	X:MET:142	0.020
X:GLY:18	X:ILE:138	0.366
X:PHE:25	X:VAL:128	0.109
X:ILE:56	X:PRO:58	0.554
X:GLY:104	X:HIS:126	0.069
X:GLY:75	X:THR:107	0.109
X:ARG:69	X:GLY:75	0.089
X:GLU:34	X:LYS:31	0.426
X:ALA:103	X:PRO:105	0.188
X:ALA:101	X:THR:107	0.436
X:GLU:81	X:GLY:109	0.149
X:GLY:150	X:LYS:151	0.158
X:GLY:47	X:SER:51	0.040
X:ARG:55	X:THR:152	0.089
X:ARG:37	X:PHE:36	0.010
X:GLY:75	X:LYS:76	0.050
X:GLY:124	X:LYS:91	0.030
X:ARG:148	X:GLY:146	0.139
X:HIS:126	X:LYS:125	0.396
X:ASN:102	X:ASN:106	0.109
X:ASP:66	X:PHE:67	0.059
X:HIS:92	X:ILE:97	0.119
X:ILE:10	X:VAL:20	0.030
X:ARG:55	X:ASN:71	0.188
X:GLY:109	X:GLY:74	0.079
X:ILE:78	X:PHE:46	0.069
X:GLY:14	X:PRO:16	0.327
X:LYS:118	X:THR:116	0.069
X:LYS:155	X:PHE:53	0.069
X:GLU:165	X:SER:21	0.020
X:ALA:26	X:GLU:34	0.030
X:ARG:37	X:LEU:24	0.089
X:LEU:17	X:PRO:16	0.228
X:ALA:103	X:GLY:104	0.149
X:GLN:111	X:GLU:81	0.168
X:ASN:71	X:LYS:155	0.059
X:ALA:159	X:ILE:158	0.129
X:GLY:150	X:HIS:54	0.089
X:GLU:140	X:GLY:59	0.030
X:ASN:108	X:LYS:125	0.089
X:ASN:71	X:CYS:52	0.010
X:GLY:146	X:PHE:145	0.149
X:ASN:149	X:GLY:150	0.228
X:ASN:71	X:THR:152	0.010
X:ARG:144	X:LYS:151	0.020
X:GLY:146	X:SER:147	0.059
X:ARG:144	X:SER:147	0.020
X:ASP:66	X:GLN:111	0.208
X:VAL:128	X:VAL:29	0.099
X:CYS:115	X:MET:136	0.020
X:LYS:151	X:SER:153	0.287
X:GLY:135	X:VAL:132	0.099
X:SER:147	X:SER:153	0.208
X:ARG:19	X:GLY:18	0.030
X:HIS:92	X:PHE:113	0.020
X:GLU:15	X:LEU:17	0.228
X:ASN:137	X:LYS:133	0.010
X:ILE:114	X:VAL:132	0.030
X:GLY:65	X:GLY:75	0.030
X:ILE:156	X:LYS:155	0.030
X:GLU:81	X:SER:110	0.139
X:LYS:82	X:SER:77	0.218
X:GLY:18	X:PRO:16	0.604
X:THR:107	X:VAL:127	0.079
X:GLY:104	X:VAL:127	0.069
X:GLU:86	X:PHE:88	0.059
X:LYS:131	X:PRO:95	0.178
X:LEU:90	X:VAL:29	0.168
X:GLU:143	X:PHE:60	0.109
X:HIS:54	X:LYS:155	0.020
X:ASP:123	X:LYS:118	0.129
X:ILE:97	X:SER:99	0.010
X:GLU:120	X:HIS:92	0.129
X:LYS:155	X:SER:153	0.050
X:ALA:101	X:ASN:108	0.188
X:ALA:38	X:LEU:39	0.040
X:ARG:19	X:LEU:164	0.119
X:GLY:47	X:GLY:50	0.059
X:ALA:101	X:GLY:74	0.030
X:GLY:162	X:LEU:164	0.010
X:ASP:27	X:LYS:131	0.030
X:GLY:50	X:LYS:49	0.050
X:GLU:120	X:LYS:125	0.010
X:LYS:154	X:LYS:155	0.059
X:ARG:144	X:PHE:145	0.198
X:ARG:19	X:LEU:17	0.020
X:ALA:159	X:ASP:160	0.069
X:ALA:117	X:GLU:143	0.040
X:ARG:19	X:CYS:161	0.020
X:ASP:13	X:GLY:50	0.010
X:ASP:9	X:CYS:161	0.010
X:THR:41	X:TYR:48	0.020
X:ASN:102	X:GLY:124	0.109
X:VAL:132	X:VAL:139	0.030
X:ALA:11	X:PRO:16	0.079
X:ALA:101	X:HIS:126	0.069
X:ALA:26	X:VAL:2	0.109
X:GLY:94	X:PRO:95	0.059
X:GLY:45	X:THR:41	0.010
X:ASN:35	X:GLU:34	0.020
X:ARG:19	X:GLY:135	0.030
X:LYS:31	X:THR:32	0.030
X:SER:99	X:VAL:128	0.149
X:ARG:55	X:MET:61	0.099
X:ASP:160	X:GLY:162	0.010
X:CYS:161	X:GLY:162	0.010
X:ILE:158	X:PHE:112	0.030
X:LYS:28	X:VAL:29	0.020
X:GLY:96	X:ILE:114	0.040
X:LYS:131	X:THR:93	0.347
X:ALA:33	X:PHE:129	0.020
X:LYS:131	X:LYS:91	0.040
X:MET:100	X:PHE:36	0.020
X:ASN:3	X:LYS:28	0.208
X:ILE:97	X:THR:119	0.040
X:GLU:23	X:LEU:24	0.198
X:GLY:47	X:PHE:46	0.010
X:ALA:117	X:ILE:97	0.040
X:ALA:117	X:GLY:96	0.040
X:GLY:96	X:THR:119	0.040
X:ARG:55	X:GLN:111	0.050
X:ARG:55	X:GLY:72	0.059
X:ILE:138	X:VAL:139	0.059
X:GLU:120	X:LYS:91	0.079
X:GLY:65	X:HIS:70	0.059
X:MET:100	X:PHE:113	0.366
X:GLU:23	X:VAL:132	0.079
X:GLU:81	X:GLY:80	0.040
X:ASP:123	X:PHE:88	0.475
X:PRO:4	X:VAL:2	0.069
X:ARG:148	X:GLY:59	0.050
X:ASN:71	X:GLN:63	0.069
X:GLU:140	X:THR:116	0.119
X:ASN:106	X:GLU:86	0.119
X:LYS:44	X:LYS:76	0.089
X:LYS:131	X:LYS:28	0.020
X:MET:100	X:TYR:48	0.010
X:GLN:63	X:HIS:126	0.099
X:GLU:84	X:TYR:79	0.168
X:ASP:27	X:PRO:30	0.010
X:LYS:49	X:PHE:67	0.089
X:CYS:62	X:GLU:143	0.149
X:SER:21	X:THR:5	0.010
X:ASP:123	X:ILE:89	0.099
X:GLY:75	X:PHE:67	0.050
X:ASP:27	X:LEU:24	0.089
X:MET:100	X:PHE:83	0.040
X:ARG:55	X:LYS:151	0.069
X:GLY:45	X:LYS:49	0.089
X:GLY:50	X:PHE:67	0.010
X:CYS:62	X:VAL:139	0.050
X:LEU:90	X:LYS:125	0.139
X:GLU:23	X:LYS:28	0.129
X:MET:100	X:SER:110	0.149
X:ASP:123	X:GLY:124	0.376
X:LEU:24	X:LYS:28	0.040
X:ASN:71	X:GLY:150	0.040
X:HIS:70	X:THR:152	0.020
X:ASN:108	X:SER:110	0.010
X:LYS:118	X:LYS:91	0.069
X:LEU:24	X:LYS:131	0.030
X:ASN:108	X:GLY:109	0.020
X:ASN:108	X:GLN:111	0.010
X:HIS:92	X:LYS:91	0.040
X:LEU:24	X:PHE:22	0.040
X:PHE:22	X:PHE:36	0.020
X:SER:147	X:THR:152	0.069
X:LYS:155	X:SER:51	0.020
X:ILE:114	X:PHE:112	0.050
X:ALA:117	X:THR:93	0.010
X:THR:119	X:THR:93	0.010
X:PRO:4	X:VAL:6	0.030
X:ARG:37	X:PRO:30	0.050
X:CYS:161	X:GLY:42	0.010
X:LYS:151	X:LYS:154	0.030
X:ASN:3	X:GLN:163	0.020
X:ASP:123	X:VAL:128	0.099
X:ARG:19	X:GLN:163	0.109
X:ALA:101	X:ASN:102	0.059
X:GLY:130	X:PHE:129	0.030
X:ALA:159	X:GLY:50	0.020
X:THR:116	X:THR:119	0.010
X:ALA:33	X:GLU:34	0.030
X:ASN:102	X:GLY:109	0.020
X:GLU:120	X:GLY:94	0.010
X:ASN:108	X:GLU:81	0.020
X:ASN:102	X:SER:110	0.010
X:ASN:149	X:SER:153	0.059
X:ALA:11	X:LEU:17	0.089
X:GLU:120	X:THR:119	0.030
X:HIS:92	X:LEU:90	0.030
X:GLU:143	X:MET:136	0.059
X:ILE:97	X:LYS:131	0.129
X:GLY:59	X:TRP:121	0.010
X:LYS:125	X:VAL:128	0.020
X:GLU:23	X:PHE:25	0.119
X:PRO:16	X:VAL:12	0.010
X:LEU:122	X:VAL:128	0.010
X:LEU:122	X:PHE:88	0.010
X:ASN:149	X:ILE:57	0.010
X:LEU:122	X:LEU:90	0.010
X:ASN:106	X:VAL:127	0.010
X:GLU:120	X:THR:93	0.010
X:ALA:11	X:ILE:10	0.010
X:ALA:11	X:GLY:18	0.010
X:GLY:47	X:TYR:48	0.010
X:ASN:71	X:GLN:111	0.010
X:ALA:103	X:LYS:82	0.089
X:ILE:56	X:LYS:151	0.010
X:GLY:59	X:THR:119	0.010
X:ASP:13	X:ILE:158	0.069
X:LYS:133	X:PRO:4	0.050
X:GLY:75	X:LYS:82	0.020
X:ASN:3	X:PRO:4	0.040
X:LEU:98	X:VAL:132	0.050
X:LYS:49	X:PHE:46	0.010
X:ILE:156	X:LEU:17	0.040
X:HIS:92	X:THR:93	0.010
X:ILE:97	X:VAL:132	0.030
X:ASP:123	X:THR:119	0.010
X:GLY:124	X:ILE:89	0.010
X:ASN:149	X:THR:152	0.020
X:HIS:92	X:LYS:125	0.020
X:LEU:98	X:LYS:131	0.079
X:GLY:130	X:VAL:128	0.020
X:ASP:27	X:GLU:86	0.010
X:GLY:124	X:HIS:92	0.020
X:LYS:154	X:PRO:16	0.010
X:GLU:43	X:PHE:46	0.030
X:GLU:143	X:ILE:57	0.020
X:LYS:125	X:VAL:127	0.010
X:LEU:90	X:PHE:129	0.050
X:GLU:34	X:VAL:2	0.020
X:MET:136	X:THR:116	0.020
X:ILE:56	X:PHE:53	0.030
X:LEU:164	X:VAL:6	0.079
X:PHE:22	X:PRO:4	0.010
X:ALA:103	X:ASN:102	0.010
X:ILE:10	X:ILE:138	0.030
X:ARG:37	X:GLU:165	0.030
X:PHE:8	X:VAL:6	0.010
X:HIS:70	X:PHE:53	0.020
X:SER:99	X:THR:119	0.010
X:LYS:82	X:THR:73	0.010
X:ILE:97	X:PHE:113	0.010
X:GLY:72	X:HIS:70	0.010
X:ARG:69	X:LYS:155	0.010
X:GLY:109	X:GLY:75	0.010
X:GLY:104	X:GLY:124	0.010
X:GLU:143	X:GLY:96	0.010
X:ARG:19	X:VAL:20	0.010
X:GLY:94	X:LYS:131	0.010
X:ARG:144	X:LEU:17	0.010
X:PHE:112	X:PHE:129	0.010
X:GLU:84	X:PHE:83	0.010
X:LYS:151	X:PHE:145	0.020
X:GLU:86	X:VAL:127	0.010
X:ASP:66	X:LYS:155	0.010
